"Dim.1","Dim.2","Dim.3","Dim.4","Dim.5"
-0.00639288418390725,-0.352439633965123,0.677856760324548,0.00836753274075112,-0.454492363543775
0.391791996122389,-0.00200550443883856,-0.345209851371485,0.00517774912287892,-0.0228499301272993
0.120500994500781,-0.017561449454933,-0.463260774105427,0.276657540465172,0.236502452056673
-0.0368855211857371,-0.281822105575329,-0.560036253331547,0.210141362018269,-0.213528726644257
-0.351490823325954,-0.870199516895428,-0.0879329785106208,-0.118091050146297,-0.176145607213178
-0.297886636115367,-0.846274000085222,0.263845654662153,0.339902244722667,-0.105377187727751
0.31459704663727,-0.0925088861366679,-0.566089213032428,0.147930276715208,0.113235424062373
0.349228509866716,0.30165222841936,-0.239844969951555,0.0950538332977,0.071324479095937
0.0352730939775855,-0.432473686578351,1.28818447494557,-0.0879826714224427,0.323138422799137
0.61687011880987,0.486328135182741,-1.56471901622464,-2.24038422501557,-0.792029109259076
0.000524312334358929,-0.261048104515782,-1.0384475569113,-1.21403535636691,0.94369655045292
-0.00246992348338434,-0.444981814136507,-0.350235675035342,0.118625686484003,-0.805202502902894
0.821999287755744,0.92006253051879,-1.6171300324028,-1.73301802140762,-0.566992924305674
-0.0729843823987611,-0.314673171747441,-0.535156110203255,0.361956295945425,0.207430813764381
-0.0397752754088678,-0.661086806513955,1.14768389349075,-0.0870903159926984,-0.574669809535604
-0.354479142065036,-0.836242003763093,1.16813162053555,-0.144967094523382,-0.577762215388299
-0.254527977582693,-0.621779659027687,-0.00562940292411535,0.0966142839407093,-0.127148543460855
-0.104846565939167,-0.435024131750158,-0.342323455562568,0.224353872161182,-0.0850285967459742
0.00370396134504692,-0.244106184589423,-0.499480952311138,0.348120102993885,0.185265411319407
-0.0470247567686099,-0.299065703383786,-0.465697990613169,0.364573710339821,0.177535867481015
-0.344580100451532,-1.1235587541019,0.816588753755618,0.190912097394052,-0.365313841206828
0.47795922921425,0.693698250875843,-0.382596093492097,0.0936179541472257,0.0907224147958348
-1.0172299625025,-1.11434526213934,-0.566429625966104,0.607706655018173,0.273498216659828
-0.297227062197226,-0.686592643068045,-0.366573312444911,0.409593295600962,0.148191638620683
-0.212915030669895,-0.643485350687638,0.421086548738735,0.00866273961549536,-0.247033293396256
-0.874371892909839,-1.12140314354781,-0.523290308299002,0.511710593001526,0.223827047325152
-0.0461100596380717,-1.13109321880725,2.22477303605349,-0.215630678344729,-0.997095847521289
-0.707704524659909,-1.13609634673619,-0.561747487455243,0.472983668412662,0.308826069078321
0.119793973602001,-0.721672039554119,-0.395527279160803,0.0295282780758864,-0.0397063417868619
0.417111386256902,0.400117551202857,-0.152835984740094,0.0903732031595064,-0.00392319821927027
0.20191516140262,-0.152084505068474,-0.0853122498845545,0.205151093597686,0.0864402807773721
-0.98935482498437,-1.14783849186026,-0.541694141019748,0.521604624096968,0.245955932709944
0.132804214819557,-0.0788411547957771,-0.529579046540062,0.298156643901393,0.186860361337866
-0.174432224179597,-0.675622851148223,0.214076978316086,0.169992837315032,-0.170970794411808
-0.867040110540123,-1.36990659450235,-0.184822515639513,-0.13426157651951,-0.129274821113603
0.150924215606417,-0.0851384752862908,0.201957359179927,0.189223890314179,0.170671829014769
0.0853178932402467,-0.387858764614861,-0.555428680018954,0.326656707076024,0.185046324779049
-0.659452394955519,-1.04399642284944,0.122671801654446,-0.144240360633125,-0.272503387509972
-0.673654737049868,-0.908990101602269,-0.368271388151544,0.408753552369574,0.170481074037629
-0.000880668636462451,-0.273634089194092,-1.03930729510751,0.297256252099434,-0.704191485558254
0.214156480732587,-0.129747326922156,-0.0389315359268273,-0.0640323561370465,-0.10443739044913
-0.2902229478607,-0.994390056248465,-0.539115720339725,0.544207747919539,0.24079305070665
-0.33412330228816,-0.867815558425455,-0.00871930172689925,-0.0651467207763951,-0.209823659448808
-0.152497934199624,-0.630339597093796,-0.418103037706158,0.415187877956314,0.165715557024753
-1.13785879168724,-1.04230142374735,-0.537143801107286,0.596526775729574,0.263482675349372
0.13429605001052,-0.118540242209844,1.3762736809828,-0.437224864717032,-0.571430272647234
0.133929653034295,-0.00569713469793332,-0.425134782694293,0.338906165756315,0.33302663362377
-0.759698387023077,-1.18270877637323,0.123499064216682,0.217365053104261,-0.106869496006156
0.0280323019729498,-0.344634775733625,-0.386926826516414,0.178213683841523,0.114837918400913
-0.151388165366999,-0.446275449724765,-0.377625963068054,0.281735030916963,0.0671771902601564
-0.102782401662862,-0.429011319124043,-0.543311195541201,0.387093990373397,0.206082807552861
-0.585494874053018,-1.03269552895393,0.0463940550562009,0.133496293746197,-0.13431478540857
-0.303564622247957,-0.78664378930531,-0.502994906347584,0.534554514945005,0.230447815354195
-1.69001022339589,-1.35962371100844,-0.212435550293283,-0.117568098238455,-0.112359605010705
-0.730295098962702,-0.927069522250466,-0.544645874884768,0.473178132019077,0.214699445187899
0.381441539316062,0.137773550286012,0.377236447516944,-0.0679912368217534,-0.235230958051528
0.322088796123657,-0.145451262698,-0.679489287347637,0.0708088169950075,0.0930853467483895
0.313814461943516,-0.183767614552555,-0.747401938706951,-0.335529226777622,0.0183078290635806
-0.454667318447991,-1.11357947080554,0.0561026887661161,0.134402697115511,-0.122134970937048
-0.118742951897848,-0.620016782622919,-0.807596156358817,0.310431019147109,-0.48527034065932
-0.482353738630341,-0.932383111228976,-0.251796838629106,0.409994416557666,0.10348010443384
0.204374208573907,0.033781297066992,-0.295471474994867,0.260836928425034,0.300785317873311
0.0388115655917838,-0.634386309380991,-0.569530221713572,0.371270084619019,0.180948899412842
-0.231831033678108,-1.02708471209522,-0.517395002825548,0.48948869450727,0.192358718922211
0.116621082822793,-0.0466289312349891,-0.411621612142814,0.543790973167852,0.078702192347549
-3.78627245061186,-5.55780888501608,5.21392701586282,-9.17157046305459,-5.23414487650361
0.17169075064604,-0.187463432951315,-0.375079657372107,0.246524550495337,0.122326671042058
-0.247308369788304,-0.914010679364841,-0.519453335259252,0.57390396734566,0.242850743280609
0.0210560879272388,-0.232403615676894,-0.12029605561981,0.229932949135813,-0.158749492820312
0.256047183637371,0.120681673937317,-0.047547369122251,0.183352353303733,0.157855078273164
0.553156327825935,0.548774097893991,-0.0103387464541813,-0.0349300863654129,-0.0629264749311679
0.00411939443632954,-0.254508553426704,-0.0109727399260256,0.187063723175713,-0.0520109925188972
0.106975081016654,-0.137153241515385,-0.387039559640067,0.353069391231785,0.436555907319677
0.287084348044002,0.0469313725362517,1.37389077325484,-0.211002224989752,-0.519463457244766
1.26510610991723,1.98458782334243,-2.99702674534353,-4.17706867573954,-1.46829010487631
-0.333015651598931,-0.959217255310309,-0.078939129576331,-0.0484209153622262,-0.209902130455571
0.680240367368131,0.543511954633934,-1.0552916433447,-0.769620173616965,-0.203825146016489
1.33884705977373,1.94117862111884,-1.0471329360707,-3.4496023118776,-1.62060561007123
-0.253773890673929,-0.782233614743621,-0.224018950314346,0.284375248865183,0.0228914952824736
0.414657665242118,-0.0548445670828637,-1.11799704604444,-1.02235340450911,0.341479916674518
0.371807103785772,-0.0225344551582507,-0.64734084620946,0.0775011570048278,0.103973533472293
0.0490842801226808,-0.387489180822049,0.187757190110883,0.0494555642275493,-0.14853835237142
-1.73980845872981,-1.5564468407208,1.80411406239068,-0.162977738114591,-0.853167345289872
-0.183136735861286,-0.563742566733667,-0.139444318845077,0.321824037351062,0.0368649871219979
0.42387205400142,-0.0353456515655219,-0.347981949200381,0.0353741798254839,0.0107751230903824
0.0204295604807084,-0.202304921401565,-0.7171563477446,0.321157586772252,-0.130163610011822
1.82193226586951,3.73518499622467,-0.407642670738289,-0.317014284642896,0.0741013750960579
-0.321896358941163,-1.44299183602338,-0.404791505340684,-0.607213271860966,-0.167334355217727
-0.406941922360729,-0.727229718163797,-0.543611812448608,0.457197343118361,0.226513939925604
0.00670644782800706,-0.226357564634056,-0.526687701973277,0.323138787617604,0.161859608316656
0.391615905048407,0.504663289203554,0.000723362661474498,-0.221795177553723,-0.147316977915592
0.190393429695815,-0.0264937437036383,-0.53989871772278,0.389902588384236,0.258176004835484
0.136583596432436,-0.112483070343531,-0.0752529084348365,0.213100479291412,0.125726186948856
0.0953112560127568,-0.298972387142249,0.0150027288874299,0.255808278600658,0.208166585351547
0.0308867305747234,-0.165728832316941,-0.54197670053096,0.335364058220021,0.171781015757128
-0.220471875536596,-0.683953784381298,-0.446888217524822,0.25194971175672,0.0379524990816517
-0.474013284578243,-0.855054956464574,0.00914289879376942,0.0395473590519183,-0.149890265582362
0.0621595436864931,-0.620023734128932,-0.596577278264474,0.344026465273542,0.1883779314327
0.192628192212469,-0.19087584691849,-0.338901442270582,-0.0852838021754355,-0.0145929886228415
0.292000031356168,0.223500929154165,-0.513071929331921,0.235906882403378,0.165277930190934
-0.528223661195352,-1.09863693321895,0.591838949380959,-0.207868225910606,-0.476110935119264
0.00654779207985382,-0.211826047498682,-0.453950885254969,0.299898098448603,0.115978355941611
-0.458767764597589,-0.721788340819607,-0.62950909073793,0.569183326751782,0.22542821596636
0.0278888866360838,-0.65838126852232,0.49512295815254,-0.0405710644073769,-0.295618934303832
0.413285883244241,0.00886944926151186,-0.51773136047041,-0.00784658774546489,0.0206196236325287
-0.434662960273565,-0.899344407291298,-0.387066660577095,0.21215533825702,0.0823933247402606
-0.22336136943759,-0.541233884476165,-0.48223288637637,0.277529397027984,0.142578521570403
0.193052149105684,-0.0105650832993286,0.403267332603632,0.104262363546501,0.0195646928896795
-0.181426899633883,-0.77476843979046,-0.216333804635299,0.26051355754397,-0.0044910647626359
-0.173977066850588,-0.526120362020091,-0.52978963005884,0.440322989644128,0.21924235410084
-0.222120345932602,-0.625816841037544,-0.238623297224089,0.390565869908137,0.0982246421460298
-0.83890067245369,-1.25867627875297,0.278883707804827,-0.0478519632605849,-0.274810608075999
-0.0474583522818466,-0.342284433997311,-0.232744600902204,0.260995413510709,-0.0732627968092248
0.243361848275607,0.135772525171872,0.299067359128974,0.218868523346634,0.396496949587127
0.182629899857182,-0.0739111081796722,0.460448562256653,0.148457504342751,0.243929952393312
-0.704443247882475,-1.14633518993152,0.0817156357862329,-0.114963640419975,-0.212429994646382
2.4569033597276,5.56359286444832,0.418208642637697,-1.1625014807884,-0.620820639761525
-0.000635768144602226,-0.334892329229464,-0.108389523437681,0.13688270312088,0.256381817519719
0.0758997069713366,-0.31709637788502,-0.00848172214354196,0.223606412423865,-0.124839372822663
-0.838175445403267,-1.2903171832159,0.499330846576233,-0.3897936774422,-0.498574224141505
-0.0937785824197596,-0.442878680543141,-2.48311494439674,0.0849906935707426,-3.24804026470373
-0.454890325602455,-1.05158356982584,-0.251426218174712,-0.129884489430952,-0.115564549919454
-0.0175006322137362,-0.366009968114013,-0.11515982817242,0.276812447199784,-0.178956952892819
-0.723117369774527,-0.901482842723901,-0.572428705788862,0.5497304481265,0.264498752109306
-0.302247519756049,-0.642180366563621,-0.543910706468043,0.458217135047303,0.227945921064755
0.220656758286661,-0.177916029114493,-0.566557792018419,0.232535873138051,0.158402655139856
0.488609950783086,0.647565277925972,-0.45166204842622,0.124313772525465,0.122684491786623
-0.629818734215998,-1.06571803915174,1.04193037817854,-0.11075828779139,-0.526270870083278
-0.0444485317787342,-0.439974184220746,-0.863512924067146,0.183470016972247,-0.710180548456019
0.0695956251530722,-0.625292643844969,-0.630338553952222,0.0396131345934083,0.11845858852705
0.283860035677543,0.369791361818947,0.314122914657782,-0.815589958373846,-0.452463447759891
-1.49058653910806,-1.60043470528717,-0.00715106808683625,-0.133681778766152,-0.178092816249042
-0.102393344118139,-0.457653058247998,0.407080675046236,0.0109282691298716,-0.305125755581823
-0.169921374461288,-0.590972325933138,-0.468597403691184,0.366755191479727,0.135963794437169
0.434208516202277,0.185457255565903,-0.608851985704709,0.100010896291329,0.117543329939554
-0.691804968891216,-0.921680677746154,-0.629109754342824,0.762827843259024,0.348465829957209
0.0128459559104949,-0.216274540170843,-0.537724656584815,0.354204980088464,0.116495037751668
-1.52898529987763,-1.50688596171651,0.0415623241355875,-0.482193522517091,-0.314044373189861
0.363707510875102,0.384664052925319,-0.449405283536709,0.184788678638388,0.208375426322004
-0.493864989412083,-0.894679781610751,-0.291494990823665,0.0763818514534692,-0.0137576154444312
-1.26048702325085,-1.22224437130061,-0.368064273407434,0.107305573609087,0.0384573328607278
-0.848230396932249,-1.05486923204726,-0.41345021892204,0.31443364902138,0.123857299366942
-0.524762531731534,-1.10902027132863,0.422258303458149,-0.235333950054114,-0.477958239679557
0.354050792029071,0.396341271871392,-0.407233491469821,0.268756536328891,0.336771793366926
1.2152684042779,2.24732979123883,-0.494207723566075,0.0543229260940997,0.192355466778852
-0.375159585441883,-0.860667575915501,-0.236896517324128,0.03056776548973,-0.136082304154917
-0.043339083308026,-0.407051343070239,0.0479094821870522,0.299978717369968,-0.0355289372977286
-2.61999643599849,-1.57453001684008,0.817835791276468,-0.762446214855692,-0.688305244786175
-1.7542593611712,-1.04009127932349,-0.364104578076158,0.569457185251034,0.192008716688226
0.444294501920934,0.281541115884956,-0.283886202752218,0.0843006704387507,0.0529966347510042
-0.436573984564563,-0.800956796464377,-0.265761717918712,0.0358013315222374,-0.0753614266414036
-0.531662962663824,-0.976454412997073,-0.54721291606403,0.44737923800989,0.215349873165031
0.161686160615972,-0.149034376758832,-0.521194465135175,0.286484158823291,0.175211236050225
-1.22735143616701,-1.13983970127902,-0.552381680907283,0.582751916483891,0.256683782247933
-0.424973371842288,-0.878128238201924,0.704840148905265,-0.110987419554371,-0.456849106856997
0.216057626907995,-0.120764304568004,-0.389325638091275,0.230880921110878,0.134960772893349
-0.486612974901951,-0.897453839200172,0.0599938473550816,-0.207507442649312,-0.265679403238389
-1.03938900901264,-1.32750666424934,-0.300916884180649,-0.050817808944504,-0.0471215678466998
-1.84674004034453,-1.72726745087121,0.691328860910385,-0.522040939162342,-0.565208899551408
0.139429327955577,-0.0260646151873051,-0.353232357987633,0.330905981152885,0.48905641370954
-0.315335660830379,-0.689013047232479,0.0496174359019848,0.0478751510394214,-0.206315940885898
-0.00477857697874048,-0.432805516150085,0.16393512268654,0.184599792898704,-0.282925788995726
0.0468501078764741,-0.349576346944611,-0.562043780421021,0.352816793506826,0.202958326122416
0.198045518709032,0.113386314096968,-0.463820055209924,0.268840039412806,0.224406278729276
0.070696033907385,-0.286806792627169,0.222114660105359,0.169792393461194,0.146871636375021
-0.455222795263173,-0.758966662120607,-0.510920466445635,0.355170706859235,0.166987225341365
-0.019135047633436,-0.700225261363481,-0.0445608308265432,0.227718905961063,-0.024638947548573
-0.605135892945008,-1.07751476183047,-0.410504850036346,-0.164393074310312,0.224100813446213
-0.980729920388119,-1.22691961968344,-0.658581130592091,-0.623941419199332,0.496275301639521
-1.46381898750744,-1.37681648897009,0.0172634559235849,-0.178462822872002,-0.219409288339272
-0.0323149212509915,-0.326405946770421,-2.21305470213194,0.125682748173542,-2.94415851764896
0.0637197665998871,-0.250062299173097,1.08245278345706,0.0530745539125453,0.279629300980627
-2.20073953147593,-1.22224720867457,0.132866976366437,0.0825819570593096,-0.191851111180537
0.206714014885054,-0.108528322258417,0.0996931061169167,0.15944742606929,0.0819366755571218
0.226077415319978,-0.0654084321589891,0.152819011511423,0.122372239779047,-0.0577595053679511
0.0927046679026757,-0.0617738906834187,-0.351626002891352,0.343842502112426,0.492885725053808
0.0746456984133021,-0.251806333714569,0.698646294349919,-0.279882644055413,-0.315117583241909
-0.594040852825104,-0.875375188394787,-0.25019598690533,0.371209868344005,0.0712460817799067
-0.271207208670042,-0.629504964698046,-0.496599697469967,0.37486888800791,0.182709701773076
-7.31853931623435,-1.16713347628685,0.356351680865121,-4.81001044939235,0.279984756680701
-0.52359125721104,-1.284283451537,0.0436174948190895,0.0624363779574691,-0.148987448528384
0.368557032078225,0.389337400527246,0.0267846358197875,0.0859240730541744,0.0405079398736081
0.34674975131955,0.256775237716383,1.1805135958952,-0.114831338040721,-0.0760162004261599
-0.449073403124738,-0.791733810445882,-0.313337017069783,0.157646207092705,0.0177387870231574
-0.571333000332432,-0.923917574157897,-0.370240722908212,0.0751232781289492,0.00472507374231538
-1.69329182992199,-1.26151132993657,0.0556890580765098,0.0635211371873287,-0.133053494897666
1.47136435137349,2.84924312249181,-0.414044118001073,-0.479438015845949,-0.0473107820438255
0.290639135500215,0.276120784240364,-0.458577222706254,0.308459819467557,0.32532727014215
-1.46479378054491,-1.10429610229129,-0.403730033461475,0.433365134476574,0.166267935695244
0.308399529493277,0.294759022637262,-0.212971210266904,0.179723814956903,0.206910220105731
-0.343913056408833,-0.878952298028504,-0.259905154651887,0.470134244997576,0.0909193397433035
-0.0135497625416575,-0.248434289594848,-0.531325235027414,0.330944475302632,0.147679298944068
-0.41024631625592,-0.739797703562301,-0.281041016693056,0.271623561117693,0.0705847608334593
0.0526513557746975,-0.128663275473549,-0.49705115086832,-0.162278013602329,0.186980377465995
-0.594735223707955,-1.19312332855387,-0.415513134085664,0.445914271600194,0.16003439748081
1.07623827885859,2.06369854030243,-0.256912687260775,-0.433369332783366,-0.00804077221297511
-0.980051833034948,-1.32460124622261,-0.128055671573042,-0.495995990087503,-0.268375371021532
-0.971490838250916,-1.41948779242417,0.683308853833479,0.0445798069114399,-0.349562513623545
-1.71286247505745,-3.53893588602186,-5.50196472323741,-14.6346722629601,7.47237465992079
-0.184526989850102,-0.50350908854832,-0.547026758142858,0.498823654592498,0.235627584253561
-0.588971341261606,-0.916558472368887,-0.487713458467453,0.540882994385686,0.209973533753254
-0.606524877252147,-0.956292251293201,-0.438985059650241,0.318601105585219,0.0926419078733801
-0.465359302027391,-0.675769226749889,-0.924346135465094,1.3272457481466,0.627796008526741
-0.938850965362141,-0.955063153520402,-0.550525027753003,0.791272365825307,0.321500420587549
-0.364330209466463,-0.634091136205911,-0.635732273863771,0.5430008412108,0.198940044201047
-3.35384830725498,-0.723908627726103,-0.21844928727812,0.58109128506111,0.148945208558841
-31.9783523755486,10.4211288173175,0.131765748188857,1.21184248231366,0.046410173963508
0.356247600920141,0.278315759560218,0.127980415315369,0.0980263259830098,-0.0205720670267379
0.14431899979905,-0.233523017343357,0.721790446939572,0.0555857600529806,-0.205406790875311
0.342330080446384,0.214273897886259,-0.231621010866767,0.197767250966063,-0.329372082004489
0.0311286874625865,-0.32609160319191,-0.266421258151153,0.316976130033717,-0.0239062740709815
0.254390044264369,-0.0741500259386732,0.710752306530487,0.002840587303672,-0.222996443771614
0.419738492611944,0.302344613697168,0.396839243323644,-0.0127005917690667,-0.184348680231241
0.146168805080926,-0.138832240128523,0.0040583955960743,0.212174170450611,0.155087817448229
0.616152174703729,0.927324203807384,-0.324405709043692,0.0883201852450217,0.11245521979066
0.412600195534186,0.209790322584128,1.20770576769864,-0.270407063555541,-0.575621459094648
0.481436808729538,0.506289238358143,0.180763303227488,0.076179679154504,-0.0387159945812292
0.39199663473367,0.293908820387467,0.534415550348462,-0.0145234461694442,-0.167976760938743
0.181711781960987,-0.138696704670069,0.803596041466584,0.0101436766872951,-0.241984133452111
0.258371857265977,0.0281026689128834,0.451454370358548,0.0480925016995483,-0.108822769194759
0.528124539022801,0.729240473966594,-0.175184128133269,0.140102650515618,-0.0802957595360612
0.410138640695895,0.301751484051886,0.936982134149301,-0.133962997085432,-0.401304065044009
0.679146253131876,1.01264547918822,-0.223455932102379,0.0479190213183232,0.0548786798053758
0.138512452223465,-0.149575303257925,1.46160174276277,0.0584147356925076,0.632270509914022
0.72970022229151,1.05517361357649,0.427937649220914,-0.172454343924577,-0.27745963959274
1.02979838542855,1.90618302098495,0.0422210521564887,-0.0613308422998167,0.026231725059524
0.231423212344163,0.108427973433204,-0.303407141014727,0.268947953432723,0.176645181378158
0.251388579247873,-0.190084347620192,0.22121356163597,0.115994973276328,-0.0964764150052489
0.429316764750169,0.432435982087001,0.0930578724295746,0.0652116167238031,0.00802460886136494
0.324872432179219,0.344490571995927,-0.398158461445787,0.266231169935495,0.245803667584346
0.270221594079615,0.11652980749591,-0.466160827888903,0.243441812646253,0.253548665318602
0.359888031029044,-0.176009099129112,1.72840994647409,-0.344016596112027,-0.840510261030545
0.143040314393076,-0.152347227771517,0.559428830469654,0.113336621932948,-0.0132942468468086
0.536594615933559,0.555626701096264,0.313402708736719,-0.0536358602637251,-0.165978506689921
0.216347988118865,0.132630307958104,-0.25728662948738,0.289133288103646,0.45587585571472
0.326043919276388,0.344487952169638,-0.437698991939432,0.275309794978187,0.314776466632004
0.180856282000106,-0.0278940012750925,-0.0241512299979315,0.194479463857905,0.0828087709813931
0.280682361291691,0.217502067332157,-0.0148399111297192,0.17388802137158,0.108655566006069
0.557134146413592,0.435481163782783,-0.362032979709605,-0.0256501904047856,0.00342328736739665
6.86095826364598,16.9065292686038,0.434884597126709,-3.9300198113206,-1.17678750416483
0.293148176681343,0.121807207300973,0.32261360623142,0.0713064698226444,-0.0654335040773013
0.168456142739611,-0.0766093209519764,-0.0390492938847713,0.219508537819167,0.0962543683654257
0.396197625290161,0.307964387935717,0.682252861500787,-0.0203177675653009,-0.295877197563452
0.030881262641446,-0.715045628889055,-0.801840634739727,0.269013151359288,-1.20320972717095
0.219389185091135,0.0390920036880993,0.0315918409303031,0.207066073788718,0.0623717128557333
0.372480503218468,0.287264729822549,1.1792483032607,-0.155188599353468,-0.353733962943526
0.209205662455758,0.029656594883477,0.126684343128501,0.159802834402348,0.0653334838427396
0.0834277954378328,-0.202796351701754,-0.186386447217128,0.280742027992618,-0.0596114197012815
0.19568243855827,-0.0940588694156814,0.608217247491626,-0.0734594096684721,-0.981031538767763
0.552497858955052,0.548871262401796,1.09139191236364,-0.0842165292479906,-0.379075220294476
0.328042170644099,0.0447982416945938,0.7368461128367,-0.0526277400968502,-0.289043624774643
0.379749374149636,0.22027728791058,1.14024287730423,-0.157905996315728,-0.474923409373951
0.50674642181998,0.456134530063209,-0.524553507874567,0.074977772343625,0.136360554805854
0.112401151057132,-0.81768524113116,1.33098715739724,-0.430769103318403,-0.828113154988439
0.136066407262279,-0.043012986629434,-0.201622576865497,0.269914662185314,0.232486335181095
2.62707538516104,5.84378616156813,0.118315221162185,-1.20887297514618,-0.419245269836566
0.43168696991768,0.544965896865606,-0.372293307839419,0.170090881954116,0.139186079148862
1.15719428902566,1.9578497325343,1.54715180324031,-0.582739772376101,-0.751968563580922
0.139998516999414,-0.125474217858046,0.202430757941606,0.191130641415199,0.112203916115741
0.135158283200171,-0.121486259804384,-0.0472800523871643,0.224197290371256,0.153803488134023
0.303862254619584,0.231315466893592,0.197199992393447,0.158045345663193,0.0922628295785048
0.243176038724874,0.0164080975362576,0.0601094964273556,0.194515445054922,0.0864225442739174
0.234457259966848,0.0861250853233641,0.432636989872876,0.0620504400892762,-0.119834768050843
0.281931290966674,0.181485498280447,-0.352874947802677,0.221383779006092,0.13892887666242
0.806329363552019,1.31489606651132,-0.0927515906711958,-0.0411932560151665,0.00500704125804385
0.283750400944222,0.166187488272693,0.262999843548842,0.0875662678671094,0.0305971668484282
0.354175034481685,-0.702158001489149,9.61631904446157,-2.03652724565961,-3.79582076493974
0.229104799954889,-0.0466271763320031,0.749781975016553,0.0266647226054267,-0.191406584930462
0.345449547843195,0.213749757530015,0.499895143298169,0.00267484176485666,-0.134261511965482
0.119628863236811,-0.00982657774755178,0.142179724796275,0.380290676405804,1.28790616654401
0.507128097191524,0.620658891994804,0.0204819912420936,0.0692644835580242,0.037996452626635
0.237661314886013,0.0295164644617577,0.477182920045475,0.0649805370208992,-0.116505148494832
0.248014485653407,-0.0946990258567865,0.35527818175783,0.116136552992893,-0.402389729032832
0.370234316074049,0.289919493235932,-0.128068515475165,0.160517757106867,0.08481429033942
0.358543495907581,0.308445446255117,0.209732385685368,0.170333721102955,0.207977599617799
0.660822949428123,1.00923564291977,-0.142921645984512,0.00982120577720245,0.0392380188770863
0.0565937697075981,-0.159081811102678,-0.0697216137065104,0.237138328243713,0.146098662945961
1.03967310064981,1.45809126640012,4.15553209848286,-0.947299786760278,-1.60729699068748
0.147554920989733,0.0092990741372647,-0.361267687952494,0.278940845802914,0.154976185960086
0.290615212918045,0.276368383446843,-0.404580802263585,0.271113594350836,0.263326384030546
0.598625675580353,0.839955253442941,-0.168802785975068,0.0139701688139213,0.0119256534971439
0.110441551318218,-0.339724292612987,0.797838846557493,-0.0640201593752134,-1.02261491631506
0.0265950103152071,-0.223662920468959,-0.841792800995705,0.275203363383233,-0.621959682799798
2.37072305918844,5.24899236570249,-0.168381965200693,-0.892140899973016,-0.166785316624947
0.263805559848137,0.12938375713614,0.00975516676512258,0.266048560333511,0.309490950167875
0.428635927580951,0.353407769653,0.131521639146385,0.0475757490545015,0.0211946818170742
0.24783336598308,-0.0572128041147191,-0.334195420785879,0.223519056806659,0.132022750807284
0.291319306192253,0.0366235465544442,0.103581122517967,0.116023879863321,0.000935874309219969
0.311460382352047,-0.0649753019496905,1.93104400222353,-0.307138779168591,-0.797973554530283
0.157900222890893,-0.0300309221983375,0.0630559331649505,0.22110684546885,0.209102819015135
0.256682615394369,0.218278162253987,-0.26228473850212,0.273478525623965,0.568142353602696
0.461258200880485,0.40478952524155,0.868004868538328,-0.13467811369693,-0.382708324082064
0.0841098535992318,-0.131295333165554,-0.371803606799482,0.297361401345984,0.207620360022572
0.35890885875496,0.242030690354853,-0.132398024875225,0.195785757567721,0.407950937530865
0.139173714362024,0.00886691398308026,1.57161762298366,0.390216611155117,2.88180311842903
0.208695579653518,-0.156771672992062,1.36232404908092,-0.0679009514407406,-0.0929499163420324
0.241813306806583,0.063368417729056,0.94048807377433,0.0525783940307643,0.14036529231251
0.195181417478131,0.0551445653187305,0.396241806778223,0.284551318921989,1.05950878085907
0.330175967801273,0.166904131043668,0.323519184888844,0.0969390395974704,-0.0073959799195703
0.157669058362076,-0.00246809884858469,-0.0577850058711886,0.256128668206181,0.408642474591026
0.194898563762857,0.0354274607893018,0.225043794835793,0.248398904858747,0.226084815254656
0.190636301348633,-0.0164372660672928,0.216487530010628,0.184891065971976,0.341812938313189
0.228984850072405,0.0341545951544606,0.481968946076903,0.0793534023095786,0.0675708864530192
0.156910152105641,0.00547222939878409,0.419418368692046,0.367223554953296,1.40384188943614
0.523761613862314,0.598944996530271,0.188378664537232,0.0574625887449668,0.0118420830404525
0.392904797218765,0.403584037709728,-0.189342088357785,0.185770305788996,0.337881348325659
0.16896374659273,-0.120401237858064,0.662669120173858,0.108340773140138,0.0726724337024559
0.376840145423541,0.29739807190701,0.226867876337037,0.0595425678147885,0.00258504196502386
0.203224407457627,0.00544254869991187,0.516755834634563,0.110320576635132,0.0998183726352533
0.234266931184562,0.00961541914814496,0.518461046368685,0.206573939474085,0.491074987563104
0.323646117392438,0.165179534727581,0.555017793858773,0.0529883444767208,-0.126362601442033
0.610357771522847,0.902521321455605,-0.147377364079214,0.0891133135490459,0.183044071164272
0.246284253689049,0.0549081182654762,0.155206470453481,0.154544899007752,0.113112957457977
0.127898227374543,-0.117699875947296,-0.131739711773741,0.301166174588127,0.453813505279977
0.816313344337374,1.20789951909947,-0.219419672807948,0.0283112123613777,0.11727685739832
0.408751572517854,0.428100132049741,-0.000515217172276573,0.101752570076734,0.0847689044090361
0.617637665561367,0.67514146615262,0.510712062665723,-0.129194466004497,-0.238082178222169
0.699247837283405,1.02849500054888,-0.18084582650603,0.0281241168170657,0.0834001555154887
0.189172479027242,-0.0859762112316013,0.0756073504059774,0.228385213899791,0.227183294466001
0.329511739315781,0.0693678092972024,1.14898012024361,-0.143440711111743,-0.462254693087464
0.00689037551136861,-0.465652296100986,0.00187223082596729,0.083300058215412,-1.01095143580398
0.262570382453347,0.0360726751694995,0.558577813314743,0.0313443540095772,-0.159943643962106
0.137531944985157,-0.0516859352263964,0.102504836593356,0.273352918499089,0.580458528718249
0.15358800949584,0.0249307051908829,-0.17356405543837,0.28753771074128,0.486900318500172
0.241862970359478,0.168468307053491,-0.343727316220694,0.259062166897469,0.308451667238797
0.599222521247662,0.91055654634542,-0.355009831432564,0.166220426952477,0.30379343690275
0.394869175521226,0.157165891613035,0.121167516261719,0.0967446791789494,-0.0292320694819292
0.232821743852365,-0.0140942964804657,0.39440830130046,0.114360757305727,0.0186594137156843
0.367337881383614,0.346352688870451,-0.367793418261126,0.225080263565072,0.278621064760728
0.153351317719751,-0.208162480815366,-0.105278750931966,0.244917923480958,0.263741376581204
0.596837349623826,0.891008061004112,-0.432881390248318,0.142548753994164,0.241040766083429
0.992013784404352,1.78224266782958,-0.313226617838928,-0.127802890353674,0.0918631169994153
0.67861206789391,1.07501764791963,-0.380882398979796,0.0420308474041273,0.174400175181761
0.289946472975346,0.0624377672661076,0.860358226973572,0.0228718929203228,-0.0202176402572935
0.256771903694557,-0.150601237895044,0.48092346213465,0.091502448770071,-0.148996072000752
0.304637760138806,0.213825770555775,0.338439570618802,0.0893267880470845,0.158293065272642
0.286640912459096,0.21012189615155,-0.397019013811085,0.270162781601374,0.275424031322707
0.378550394662142,0.340195373307217,-0.186920884466275,0.226459294776306,0.234992493024448
0.370345074474474,0.222562732831686,0.0391152687303231,0.0948473293179424,0.0245576640783186
0.216945725944561,0.120317937630998,-0.154113591974465,0.235654230729407,0.306436062059504
0.195839742580929,-0.0597671755166891,-0.43889883204581,0.319281558446582,0.354405617687513
0.356091156222109,0.364031795040721,-0.271956280026165,0.22542479123662,0.372435124451145
0.833330674881084,1.36790747319143,0.34132735131563,-0.190709802224369,-0.145549152929176
0.7129119936672,1.21954288002803,0.131624811400289,0.165063602296201,0.955620430390535
0.199791749845688,0.151079679238474,2.71177726653886,0.542123335523367,5.08142643301651
0.310617244434784,0.160423582307571,-0.261841197848604,0.234416047015311,0.323443536907896
0.252163404747808,0.212285430023784,-0.300022814521026,0.28287338726229,0.510264344897069
0.0528779235846318,-0.505297427171932,0.52781008185495,0.128786040713279,-0.744121759354259
0.160035850215203,-0.183023731706438,0.296128852632661,0.278922979509029,0.50642243994677
0.817696779734639,1.3422555264482,-0.311592224222311,-0.00996557444984504,0.175913533676093
0.25342318682574,0.208644588944488,-0.329814201766717,0.317984008522548,0.506461653494948
0.157932166880695,-0.24889784020255,0.754560128461726,0.121827033947336,0.072758588094094
0.177806858576796,-0.0801582569730982,-0.0576833433184784,0.219877042649016,0.169656813136764
0.151932537701825,-0.115251161893947,0.0628429172007023,0.245237879149916,0.336908308228958
0.275576624774098,-0.0311886125899915,0.338425625046178,0.090405149818777,-0.0166200998630128
0.371339601502824,0.289146143676622,0.0169671918786343,0.120626978922583,0.111007692433595
0.292248750714852,0.17665746807199,-0.0890932992506358,0.221154589410895,0.255568743830819
0.34078369321672,0.372269299373385,-0.155635084439807,0.250424038786254,0.505495299587765
0.240162230387612,0.0293440520709085,0.41016183098049,0.0814973080097255,-0.0394372249214177
0.815932698725857,1.35317243491752,0.134388228432799,-0.142057169072327,-0.00670580758772046
0.180753584664712,-0.0990169296542903,0.524244772667663,0.100826096269789,0.0365913479509982
0.361295913428781,-0.428264450364152,7.18978989651586,-1.5094463810717,-2.89423614929836
0.349788624054389,0.225776457142248,0.122504591953428,0.174491448984152,0.266172470658726
0.69883901394549,1.11168739597717,-0.324160314253142,0.100370686862592,0.367348501361651
0.229398119705173,0.030168261220136,0.915187089792882,-0.00284113608214316,-0.0659880049764272
0.144604024578963,-0.153508072275325,0.524286385670706,0.19164911342412,0.448267750451854
0.263934687534455,0.239073600163431,0.225597909563246,0.351492085742177,1.36415041635664
0.560250756927959,0.604732879590075,-0.13523339864224,0.0857968560948868,0.225476415437784
0.39262895140235,0.386995408723205,-0.204388937613457,0.182689444892444,0.30152812858542
0.0428804603044418,-0.174222188302726,-0.947696216510247,0.289985629349989,-0.642035342278069
0.191434365261532,0.0503135746583324,-0.0866700573524673,0.269393424624492,0.504154381166207
0.291413994109833,0.251434806256637,1.13214417145052,0.37816989318591,2.428168975378
1.00106220266479,1.80252153298129,-0.347185533162182,-0.13026259934489,0.118604363241604
0.281949781403917,0.162387746403999,-0.0583860687486364,0.210572733190419,0.326650291340997
0.396870242216118,0.350406181775955,-0.193289644307763,0.1314146811145,0.185173634653237
0.377753677350025,0.456071909822058,-0.326768959327982,0.143748906090438,0.32580627981111
0.740720094878067,1.07248221782231,0.0330236961183077,-0.108641668786349,-0.0123812314096536
0.622729362329122,0.967748162300548,-0.393121523334582,0.117998770718578,0.257917489707645
0.226673326828737,-0.216496776379752,0.472082217330807,0.127123270978173,0.0439369764749229
0.141784444702653,-0.136689943218374,0.311039936433917,0.347218822011189,1.16779581997438
1.02028334575482,1.6655045402222,0.896231019732445,-0.41639507541628,-0.388024912666194
0.243792403930257,0.194453787275318,0.158408944941536,0.310898053076755,1.0802474976362
0.190017771226693,0.052633728987278,-0.0345227629230558,0.310101327874213,0.871690724399084
-0.185575574361844,-0.706656478483855,-8.51420468191544,-0.424307821838345,-13.2383413748825
0.418124237017132,0.385398409625022,0.0521035467882621,0.0817903901483413,0.0167047448223341
0.153850870965189,-0.064504310462952,-0.200450494782452,0.306159276188171,0.523904646625348
0.800481502006636,1.09804551056848,-0.487611784720841,-0.168557225313832,0.224628884276591
0.93586183189538,1.54593338800453,0.0595848968213703,-0.196881254720673,-0.0896989448538457
0.346275737712135,0.251534437908989,-0.0587488562363626,0.248806538401939,0.593832181044684
0.467822479344011,0.579879495696141,-0.198472826471556,0.121061307284416,0.316386471028885
0.400634318510198,0.403927752320693,1.56116810361954,0.0578602667375506,1.30092944864956
0.321517659404744,0.201897052042822,0.396830834208805,0.0851163544326329,0.0339786016231541
0.383948847721151,0.2532284363158,0.161754211589664,0.078250247993644,0.120341511323636
0.470064545383607,0.506497144534895,-0.28952691315497,0.132603685583884,0.260534410569827
0.195186465683616,-0.0144111745508836,-0.553372032568606,-0.0209399489696542,-1.99389742054649
1.18637016429888,2.23102358545389,-0.294203380804636,-0.156837915272344,0.136489140504674
0.202788495979102,0.124104251858314,-0.194076457056528,0.319761489126912,0.688600809680106
0.467174020887704,0.595132974556978,-0.127317710813279,0.163708855103717,0.24228633032961
0.518019832367924,0.729276547074446,-0.380311873732159,0.159536575239839,0.325807152939438
0.316014262418498,0.33596468614061,-0.266167140981364,0.216302982464028,0.458140318336948
0.306479538011876,0.212180300869337,-0.272590428583789,0.28218237393944,0.542417058628661
-0.0135590642923267,-0.248034576711706,-0.941938710496717,0.287839378784739,-0.523307190007657
0.0369784459476535,-0.352047286666496,-0.341008261607595,0.264358103628952,-0.440366354368472
0.36217535236734,0.321971453372235,-0.184120615565668,0.163817652391112,0.301007868143955
0.220988677047915,0.14804518748683,-0.283853262767318,0.290899721011732,0.480010479863962
0.15697495259206,-0.166575777476888,0.12167142685744,0.239457534934899,0.154590149392123
0.317596525458452,0.228771977360204,0.976700468671937,0.142715042966645,0.929766342711902
0.122464493700955,-0.0506102967608561,-0.232733255324711,0.322574442423483,0.596089438835694
0.317061135960865,0.273832334855048,-0.257901674515382,0.220078420506315,0.312991999742193
0.148452796620775,-0.00509166975412362,0.703199859341426,0.361673079472785,1.7533834302723
0.177758897638357,-0.157492196435645,0.32375799440428,0.21658388756305,0.206484197060483
0.784675676259077,1.11952162123987,0.41792699198167,-0.225140284234517,-0.187296271083238
0.646916379486461,1.00905460747719,-0.389986706966991,0.0608614920438289,0.234574025337793
0.781048690655521,1.21061066168507,0.210483593768827,-0.131092014577033,0.00129693135167784
