Date;Price;Open;High;Low;Vol.;Change %
01/02/2012;42.745;42.284;42.943;41.856;1.46M;1.09%
12/30/2011;42.284;42.712;42.877;41.724;1.60M;0.16%
12/29/2011;42.218;43.338;43.338;41.757;1.89M;-1.54%
12/28/2011;42.877;43.437;43.799;42.646;2.06M;-0.99%
12/27/2011;43.305;45.577;45.775;43.173;2.10M;-4.78%
12/23/2011;45.479;47.882;47.882;45.017;2.77M;-3.43%
12/22/2011;47.092;47.718;47.915;46.565;2.30M;1.06%
12/21/2011;46.598;49.397;50.221;46.137;4.28M;-4.39%
12/20/2011;48.739;46.368;48.739;46.236;2.60M;6.32%
12/19/2011;45.841;44.886;47.784;44.787;2.56M;2.20%
12/16/2011;44.853;47.092;47.553;44.853;4.05M;-3.95%
12/15/2011;46.697;46.862;47.784;46.269;2.96M;1.14%
12/14/2011;46.170;48.113;49.035;46.170;3.12M;-3.31%
12/13/2011;47.751;50.089;50.912;47.454;3.00M;-3.78%
12/12/2011;49.628;51.933;53.086;49.628;2.70M;-5.81%
12/09/2011;52.690;49.035;52.690;48.343;4.00M;7.10%
12/08/2011;49.200;53.678;54.106;48.805;3.26M;-7.21%
12/07/2011;53.020;55.457;56.115;51.933;3.62M;-2.42%
12/06/2011;54.337;54.337;55.885;53.678;3.08M;-1.32%
12/05/2011;55.062;53.942;55.325;53.678;3.80M;5.42%
12/02/2011;52.229;51.439;52.822;51.307;4.10M;3.05%
12/01/2011;50.682;51.176;51.999;50.451;3.28M;-0.45%
11/30/2011;50.912;48.936;53.185;48.640;5.28M;3.07%
11/29/2011;49.397;49.825;51.011;48.508;3.72M;-0.99%
11/28/2011;49.891;47.158;50.254;46.895;3.56M;8.14%
11/25/2011;46.137;45.972;46.697;44.491;2.36M;0.86%
11/24/2011;45.742;45.050;47.191;44.721;2.73M;2.81%
11/23/2011;44.491;45.445;47.158;44.491;2.67M;-3.57%
11/22/2011;46.137;49.002;49.364;45.972;2.57M;-4.17%
11/21/2011;48.146;49.760;50.188;48.080;2.21M;-2.99%
11/18/2011;49.628;48.508;50.649;48.278;2.46M;1.14%
11/17/2011;49.068;48.574;50.484;48.541;2.69M;-0.67%
11/16/2011;49.397;47.586;50.912;47.487;4.43M;1.42%
11/15/2011;48.706;49.990;50.319;46.104;5.63M;-4.46%
11/14/2011;50.978;57.301;57.301;49.101;5.70M;-6.18%
11/11/2011;54.337;52.427;54.798;51.768;4.53M;5.43%
11/10/2011;51.538;48.739;53.185;48.739;5.45M;3.92%
11/09/2011;49.595;54.666;54.930;48.805;5.82M;-6.81%
11/08/2011;53.217;52.361;54.963;52.361;4.50M;2.08%
11/07/2011;52.131;50.649;54.337;49.200;5.38M;1.87%
11/04/2011;51.176;55.325;57.070;50.286;5.93M;-6.55%
11/03/2011;54.765;49.924;56.082;49.727;6.28M;4.33%
11/02/2011;52.493;50.715;53.777;48.805;5.29M;7.34%
11/01/2011;48.903;54.008;54.008;48.739;4.87M;-12.44%
10/31/2011;55.852;58.618;58.882;55.819;3.29M;-5.67%
10/28/2011;59.211;62.570;62.636;58.980;5.45M;-4.36%
10/27/2011;61.911;61.911;62.735;60.331;6.63M;7.49%
10/26/2011;57.597;57.630;59.935;57.037;3.81M;0.92%
10/25/2011;57.070;58.915;59.211;56.017;3.83M;-3.40%
10/24/2011;59.079;60.594;61.681;57.597;4.34M;-0.55%
10/21/2011;59.409;57.301;60.561;57.169;5.50M;6.62%
10/20/2011;55.720;61.813;62.866;55.589;6.43M;-12.01%
10/19/2011;63.327;59.935;63.690;59.013;4.99M;5.20%
10/18/2011;60.199;57.959;60.660;57.005;4.39M;2.70%
10/17/2011;58.618;64.151;65.007;57.433;6.04M;-6.12%
10/14/2011;62.438;61.747;65.698;58.849;8.21M;2.32%
10/13/2011;61.022;69.024;70.144;61.022;7.59M;-12.10%
10/12/2011;69.420;66.785;69.881;65.534;6.54M;2.33%
10/11/2011;67.839;63.229;69.486;63.031;10.89M;6.74%
10/10/2011;63.558;57.828;63.558;57.564;5.85M;12.21%
10/07/2011;56.642;54.535;56.774;54.139;5.67M;4.18%
10/06/2011;54.370;53.020;54.831;52.032;5.40M;3.84%
10/05/2011;52.361;49.825;52.361;48.838;3.59M;7.07%
10/04/2011;48.903;50.122;51.011;47.718;3.88M;-4.50%
10/03/2011;51.209;50.715;52.295;50.451;3.82M;-3.12%
09/30/2011;52.855;53.349;55.029;52.164;4.86M;-1.71%
09/29/2011;53.777;50.418;54.205;50.221;6.18M;6.04%
09/28/2011;50.715;50.056;52.229;49.661;4.72M;-0.19%
09/27/2011;50.813;48.936;50.945;48.409;6.55M;6.86%
09/26/2011;47.553;43.832;48.969;43.568;8.26M;6.33%
09/23/2011;44.721;43.799;45.248;41.889;6.18M;4.38%
09/22/2011;42.844;44.128;45.445;42.844;6.25M;-6.27%
09/21/2011;45.709;47.553;48.047;45.709;4.37M;-2.87%
09/20/2011;47.059;46.104;48.640;45.511;4.59M;0.49%
09/19/2011;46.829;46.763;49.068;46.335;3.78M;-1.32%
09/16/2011;47.454;52.361;52.690;47.454;8.51M;-7.03%
09/15/2011;51.044;47.981;52.756;47.553;5.98M;6.90%
09/14/2011;47.751;47.421;49.035;46.433;5.97M;-1.63%
09/13/2011;48.541;47.421;48.739;44.194;6.61M;7.43%
09/12/2011;45.182;49.332;49.332;45.182;8.05M;-10.91%
09/09/2011;50.715;54.666;54.864;50.715;3.93M;-8.22%
09/08/2011;55.259;54.963;56.972;54.172;3.30M;0.54%
09/07/2011;54.963;54.666;54.963;53.349;3.48M;4.97%
09/06/2011;52.361;54.337;56.412;50.286;6.28M;-4.45%
09/05/2011;54.798;57.597;58.124;54.436;3.66M;-7.30%
09/02/2011;59.112;61.352;61.878;58.947;3.54M;-5.33%
09/01/2011;62.438;61.911;63.327;61.055;2.85M;0.58%
08/31/2011;62.076;60.495;62.438;59.376;3.16M;2.72%
08/30/2011;60.429;62.372;62.372;59.672;2.97M;-1.24%
08/29/2011;61.187;61.154;62.076;60.265;2.35M;2.31%
08/26/2011;59.804;59.870;61.088;58.355;3.96M;0.17%
08/25/2011;59.705;59.606;63.130;59.013;5.70M;1.68%
08/24/2011;58.717;58.421;59.672;57.597;3.47M;1.83%
08/23/2011;57.663;60.792;61.154;57.367;3.96M;-2.61%
08/22/2011;59.211;59.277;61.813;56.807;4.20M;-0.11%
08/19/2011;59.277;62.702;62.800;59.277;6.26M;-5.81%
08/18/2011;62.932;66.851;67.378;62.570;5.25M;-7.41%
08/17/2011;67.971;68.168;69.156;67.510;3.99M;-1.62%
08/16/2011;69.090;69.947;70.671;67.378;4.72M;-0.66%
08/12/2011;69.551;66.390;70.078;63.722;6.54M;5.60%
08/11/2011;65.863;66.127;67.180;59.112;11.37M;3.41%
08/10/2011;63.690;72.713;73.174;63.690;11.75M;-9.37%
08/09/2011;70.276;71.132;74.030;68.037;13.07M;0.00%
08/08/2011;70.276;70.605;75.940;68.959;11.22M;0.38%
08/05/2011;70.012;66.061;74.557;63.953;10.86M;2.21%
08/04/2011;68.498;77.718;78.114;68.498;8.42M;-9.33%
08/03/2011;75.545;73.042;78.706;70.803;10.33M;1.77%
08/02/2011;74.228;77.587;79.497;74.228;8.32M;-5.77%
08/01/2011;78.772;85.820;86.478;78.772;9.53M;-4.32%
07/29/2011;82.329;81.275;83.185;79.694;6.12M;-0.71%
07/28/2011;82.922;79.036;83.580;77.916;7.99M;2.86%
07/27/2011;80.616;82.658;82.724;79.497;6.93M;-4.30%
07/26/2011;84.239;81.670;84.766;81.012;7.98M;4.41%
07/25/2011;80.682;83.580;85.424;80.221;7.91M;-7.06%
07/22/2011;86.808;93.394;95.502;86.544;10.35M;-4.56%
07/21/2011;90.957;82.922;90.957;79.629;13.28M;9.95%
07/20/2011;82.724;79.431;82.922;78.443;7.30M;5.90%
07/19/2011;78.114;75.545;78.641;75.084;7.20M;4.68%
07/18/2011;74.623;79.431;80.485;74.162;7.37M;-6.36%
07/15/2011;79.694;80.221;82.856;79.102;5.73M;-2.10%
07/14/2011;81.407;80.155;84.041;79.694;7.49M;-0.32%
07/13/2011;81.670;80.485;84.107;78.114;9.66M;1.47%
07/12/2011;80.485;74.294;81.012;69.947;12.00M;5.89%
07/11/2011;76.006;80.287;83.910;72.647;9.87M;-6.33%
07/08/2011;81.143;88.915;89.442;80.353;10.89M;-7.85%
07/07/2011;88.059;92.999;93.460;88.059;8.94M;-4.23%
07/06/2011;91.945;97.741;98.202;91.286;7.89M;-7.06%
07/05/2011;98.926;99.585;100.507;98.334;3.42M;-0.86%
07/04/2011;99.783;101.034;101.166;99.058;2.59M;-1.43%
07/01/2011;101.232;96.160;101.297;95.831;5.85M;5.27%
06/30/2011;96.160;93.855;96.160;92.801;4.16M;2.74%
06/29/2011;93.591;93.065;96.226;92.801;5.40M;1.43%
06/28/2011;92.274;90.693;93.460;87.730;5.09M;2.26%
06/27/2011;90.232;89.574;91.484;86.676;4.97M;0.51%
06/24/2011;89.771;96.819;97.016;86.544;8.17M;-5.54%
06/23/2011;95.040;98.992;99.190;94.909;5.61M;-4.94%
06/22/2011;99.980;100.046;100.771;99.058;4.32M;-0.13%
06/21/2011;100.112;98.663;100.375;97.873;6.02M;2.15%
06/20/2011;98.004;97.807;98.663;96.292;4.69M;-2.30%
06/17/2011;100.310;94.843;100.573;94.579;9.79M;4.39%
06/16/2011;96.094;95.502;96.424;92.735;7.93M;-0.55%
06/15/2011;96.621;99.124;99.387;96.621;4.53M;-3.30%
06/14/2011;99.914;98.992;100.244;98.136;4.74M;2.50%
06/13/2011;97.477;97.807;98.795;96.819;3.08M;-0.13%
06/10/2011;97.609;98.136;99.849;97.082;5.44M;-1.00%
06/09/2011;98.597;98.531;99.322;96.424;5.99M;-0.20%
06/08/2011;98.795;100.310;100.573;98.597;5.29M;-1.96%
06/07/2011;100.771;100.310;101.429;99.914;4.93M;0.66%
06/06/2011;100.112;102.746;102.878;99.914;3.78M;-3.06%
06/03/2011;103.273;101.429;103.669;99.585;5.47M;1.62%
06/02/2011;101.627;100.573;103.471;99.849;4.60M;0.39%
06/01/2011;101.232;104.327;104.525;100.968;4.46M;-2.66%
05/31/2011;103.998;102.549;104.459;102.285;6.87M;2.73%
05/30/2011;101.232;102.285;102.878;100.836;2.53M;-1.03%
05/27/2011;102.285;101.824;103.800;101.034;7.71M;1.97%
05/26/2011;100.310;103.471;105.183;99.783;7.88M;-2.87%
05/25/2011;103.273;99.519;103.405;99.256;6.43M;2.68%
05/24/2011;100.573;100.902;101.693;98.860;5.49M;-0.20%
05/23/2011;100.771;99.914;101.758;99.058;5.33M;-2.49%
05/20/2011;103.339;107.752;108.345;102.944;6.23M;-3.80%
05/19/2011;107.423;106.369;108.608;105.447;5.42M;1.24%
05/18/2011;106.105;108.213;108.213;106.105;5.01M;-0.92%
05/17/2011;107.093;109.201;110.321;107.027;5.40M;-1.09%
05/16/2011;108.279;108.016;109.069;107.159;5.34M;-1.50%
05/13/2011;109.925;111.901;112.428;109.201;8.24M;1.77%
05/12/2011;108.016;107.093;108.477;106.830;4.72M;-0.36%
05/11/2011;108.411;109.465;110.189;108.147;4.67M;-0.78%
05/10/2011;109.267;106.764;109.530;105.842;5.87M;2.34%
05/09/2011;106.764;109.530;109.662;106.698;6.10M;-3.22%
05/06/2011;110.321;108.674;110.650;107.884;5.17M;1.76%
05/05/2011;108.411;110.584;110.848;107.884;5.56M;-1.79%
05/04/2011;110.387;112.560;113.877;110.255;7.12M;-2.90%
05/03/2011;113.680;114.207;114.272;112.362;3.76M;-0.23%
05/02/2011;113.943;115.326;115.721;113.746;2.17M;-0.46%
04/29/2011;114.470;114.075;114.865;113.482;1.84M;0.46%
04/28/2011;113.943;115.195;115.721;113.021;4.46M;-0.17%
04/27/2011;114.141;111.374;115.129;110.650;5.11M;2.73%
04/26/2011;111.111;111.111;113.021;110.387;3.21M;-0.24%
04/21/2011;111.374;107.225;111.967;106.369;5.75M;4.45%
04/20/2011;106.632;109.201;109.267;106.040;5.05M;-0.92%
04/19/2011;107.620;108.674;109.465;107.620;4.43M;-0.12%
04/18/2011;107.752;112.428;112.428;106.501;7.25M;-4.16%
04/15/2011;112.428;113.219;113.614;110.913;5.52M;-0.29%
04/14/2011;112.758;114.997;115.195;112.231;5.76M;-2.56%
04/13/2011;115.721;116.973;117.171;115.260;4.57M;-0.51%
04/12/2011;116.314;117.566;118.685;116.051;4.90M;-2.05%
04/11/2011;118.751;118.290;119.805;118.224;3.61M;0.50%
04/08/2011;118.158;119.212;119.739;116.907;4.86M;-0.17%
04/07/2011;118.356;118.158;120.793;117.697;7.43M;0.28%
04/06/2011;118.027;112.824;118.685;110.979;10.20M;3.46%
04/05/2011;114.075;112.758;114.536;111.374;5.12M;0.81%
04/04/2011;113.153;114.075;115.063;112.626;5.09M;-1.66%
04/01/2011;115.063;115.787;116.709;111.836;8.55M;0.17%
03/31/2011;114.865;119.278;119.344;113.416;8.24M;-3.70%
03/30/2011;119.278;120.398;120.464;118.224;4.61M;0.17%
03/29/2011;119.080;123.098;123.296;118.092;7.24M;-3.68%
03/28/2011;123.625;123.032;123.888;122.242;4.50M;0.37%
03/25/2011;123.164;123.823;124.415;122.374;4.91M;-0.11%
03/24/2011;123.296;117.763;123.362;117.434;8.18M;4.35%
03/23/2011;118.158;116.183;118.422;115.919;5.95M;2.16%
03/22/2011;115.656;116.907;118.224;114.668;5.79M;-0.68%
03/21/2011;116.446;115.590;116.446;114.470;4.63M;2.43%
03/18/2011;113.680;114.338;115.853;112.428;7.89M;0.41%
03/17/2011;113.219;113.680;114.668;110.189;9.50M;0.29%
03/16/2011;112.889;118.422;119.212;112.165;10.41M;-4.09%
03/15/2011;117.697;118.027;120.661;115.392;10.97M;-2.77%
03/14/2011;121.056;116.578;121.913;116.578;10.12M;3.84%
03/11/2011;116.578;116.841;119.212;116.446;5.48M;-1.17%
03/10/2011;117.961;118.488;119.410;117.171;5.13M;-1.70%
03/09/2011;120.003;119.344;120.134;118.158;5.92M;1.22%
03/08/2011;118.554;118.224;119.015;116.775;6.14M;0.90%
03/07/2011;117.500;118.356;120.200;115.656;8.03M;-1.44%
03/04/2011;119.212;120.200;122.308;118.817;6.89M;0.33%
03/03/2011;118.817;121.517;122.835;118.092;9.23M;-1.47%
03/02/2011;120.595;118.685;121.649;117.368;6.97M;0.22%
03/01/2011;120.332;123.757;124.481;119.871;5.80M;-1.93%
02/28/2011;122.703;122.505;124.218;120.925;5.61M;-0.59%
02/25/2011;123.427;121.781;124.086;121.583;4.71M;1.85%
02/24/2011;121.188;120.530;122.439;120.266;6.15M;-0.49%
02/23/2011;121.781;120.003;123.559;120.003;8.17M;0.76%
02/22/2011;120.859;119.871;122.439;118.685;5.22M;-1.82%
02/21/2011;123.098;129.750;130.014;122.835;9.34M;-5.75%
02/18/2011;130.607;132.220;133.373;128.894;6.56M;-0.70%
02/17/2011;131.529;130.541;132.385;129.553;6.84M;0.81%
02/16/2011;130.475;125.733;130.804;125.601;8.20M;3.93%
02/15/2011;125.535;122.505;125.799;121.781;7.58M;3.25%
02/14/2011;121.583;123.691;124.020;121.188;3.92M;-0.91%
02/11/2011;122.703;120.661;123.493;120.003;4.73M;0.70%
02/10/2011;121.847;121.913;122.637;119.937;5.86M;-0.75%
02/09/2011;122.769;123.098;124.152;121.913;5.76M;-0.37%
02/08/2011;123.230;124.547;124.811;121.979;7.01M;-1.84%
02/07/2011;125.535;124.481;127.247;124.481;6.13M;1.17%
02/04/2011;124.086;123.098;125.469;122.374;6.43M;2.11%
02/03/2011;121.517;123.625;126.391;120.793;8.91M;-2.07%
02/02/2011;124.086;121.913;124.481;121.056;7.64M;3.01%
02/01/2011;120.464;119.541;120.530;117.302;6.01M;1.11%
01/31/2011;119.146;119.278;121.188;117.763;6.63M;-0.99%
01/28/2011;120.332;121.386;124.350;119.739;7.46M;-1.14%
01/27/2011;121.715;118.685;122.374;117.105;6.54M;2.44%
01/26/2011;118.817;121.188;122.176;118.027;5.59M;-1.47%
01/25/2011;120.595;124.481;125.074;119.673;6.27M;-2.50%
01/24/2011;123.691;121.517;123.691;120.530;5.72M;2.23%
01/21/2011;120.991;120.793;123.757;120.134;8.45M;0.82%
01/20/2011;120.003;116.841;121.517;116.314;8.76M;2.19%
01/19/2011;117.434;114.470;118.158;113.153;7.54M;3.00%
01/18/2011;114.009;112.362;115.063;112.297;5.63M;1.76%
01/17/2011;112.033;112.494;113.877;111.111;3.51M;-0.76%
01/14/2011;112.889;111.440;113.285;110.913;5.64M;0.82%
01/13/2011;111.967;109.003;112.955;109.003;10.00M;2.78%
01/12/2011;108.938;99.322;109.003;99.058;10.87M;9.68%
01/11/2011;99.322;98.004;99.519;96.358;5.73M;2.31%
01/10/2011;97.082;100.046;100.112;97.082;5.52M;-3.66%
01/07/2011;100.771;102.219;102.746;99.717;5.80M;-1.61%
01/06/2011;102.417;104.261;105.381;102.417;3.16M;-1.52%
01/05/2011;103.998;104.327;104.591;102.285;3.53M;-0.69%
01/04/2011;104.722;104.261;105.776;103.339;3.87M;0.38%
01/03/2011;104.327;103.734;106.632;103.142;3.10M;2.33%
12/30/2010;101.956;105.052;105.710;101.956;2.59M;-3.13%
12/29/2010;105.249;106.171;106.435;105.052;1.74M;-0.44%
12/28/2010;105.710;106.962;107.752;105.513;1.60M;-0.68%
12/27/2010;106.435;108.806;109.069;105.908;1.60M;-1.88%
12/23/2010;108.477;109.333;109.860;107.950;1.86M;-0.30%
12/22/2010;108.806;109.003;110.452;108.411;3.43M;-0.42%
12/21/2010;109.267;106.105;109.267;106.040;4.15M;3.49%
12/20/2010;105.578;102.615;106.303;101.297;4.66M;2.56%
12/17/2010;102.944;107.027;107.159;102.812;5.90M;-3.22%
12/16/2010;106.369;107.093;107.686;105.315;5.61M;-0.86%
12/15/2010;107.291;110.518;110.716;107.027;6.42M;-4.18%
12/14/2010;111.967;112.428;112.758;110.518;4.19M;-0.47%
12/13/2010;112.494;112.297;113.021;109.860;5.23M;0.41%
12/10/2010;112.033;113.943;114.272;111.638;3.62M;-1.56%
12/09/2010;113.811;112.626;114.338;112.099;5.38M;2.01%
12/08/2010;111.572;108.213;112.362;107.554;4.63M;2.36%
12/07/2010;109.003;108.674;110.387;107.554;5.11M;0.49%
12/06/2010;108.477;111.967;112.231;108.213;5.81M;-2.83%
12/03/2010;111.638;109.069;111.638;107.884;8.60M;2.60%
12/02/2010;108.806;106.237;108.806;103.866;13.81M;4.03%
12/01/2010;104.591;99.124;105.118;98.729;9.30M;6.51%
11/30/2010;98.202;101.758;101.956;97.675;10.12M;-3.37%
11/29/2010;101.627;106.566;107.620;101.627;7.91M;-3.50%
11/26/2010;105.315;105.249;106.171;102.944;5.99M;-0.93%
11/25/2010;106.303;106.040;106.962;103.471;4.47M;0.25%
11/24/2010;106.040;107.159;107.752;104.722;5.79M;-0.86%
11/23/2010;106.962;108.477;110.123;106.369;6.85M;-2.23%
11/22/2010;109.399;113.943;113.943;108.740;4.71M;-2.41%
11/19/2010;112.099;114.865;114.931;110.848;4.65M;-1.73%
11/18/2010;114.075;113.153;114.536;112.494;3.76M;1.76%
11/17/2010;112.099;112.758;113.614;110.716;4.02M;-0.47%
11/16/2010;112.626;113.680;114.470;112.626;3.85M;-1.89%
11/15/2010;114.799;114.404;115.326;112.955;3.83M;0.52%
11/12/2010;114.207;110.452;115.721;107.752;7.78M;1.11%
11/11/2010;112.955;115.458;116.183;110.848;6.17M;-1.27%
11/10/2010;114.404;117.895;118.488;113.548;5.84M;-4.61%
11/09/2010;119.937;118.619;120.859;118.158;3.27M;1.22%
11/08/2010;118.488;117.895;118.883;116.644;3.64M;0.78%
11/05/2010;117.566;121.517;122.242;116.973;6.22M;-2.99%
11/04/2010;121.188;120.991;122.374;120.661;3.41M;2.00%
11/03/2010;118.817;122.242;122.505;118.751;3.24M;-2.38%
11/02/2010;121.715;118.554;121.781;118.290;3.50M;2.38%
11/01/2010;118.883;123.888;124.415;118.356;3.97M;-3.63%
10/29/2010;123.362;124.152;124.613;122.900;2.88M;-1.32%
10/28/2010;125.008;124.876;125.996;124.218;2.35M;0.64%
10/27/2010;124.218;123.230;126.062;122.900;3.45M;0.11%
10/26/2010;124.086;123.823;125.074;123.296;2.65M;-0.32%
10/25/2010;124.481;126.589;126.721;123.888;2.95M;-0.79%
10/22/2010;125.469;126.852;126.918;125.469;2.94M;-1.55%
10/21/2010;127.445;126.852;128.236;126.786;3.45M;-0.15%
10/20/2010;127.643;125.140;127.709;125.008;3.72M;1.25%
10/19/2010;126.062;125.140;128.301;124.942;5.61M;0.63%
10/18/2010;125.272;122.044;125.272;121.913;3.85M;2.42%
10/15/2010;122.308;123.362;123.954;121.122;3.26M;-0.48%
10/14/2010;122.900;124.745;124.811;122.900;3.12M;-1.22%
10/13/2010;124.415;122.308;124.679;121.583;3.43M;2.05%
10/12/2010;121.913;122.308;123.098;121.254;3.42M;-1.17%
10/11/2010;123.362;123.823;124.218;123.098;1.97M;-0.11%
10/08/2010;123.493;122.044;123.823;122.044;4.31M;0.81%
10/07/2010;122.505;120.925;123.757;120.003;4.78M;1.25%
10/06/2010;120.991;123.296;123.823;120.859;4.28M;-1.18%
10/05/2010;122.439;118.751;122.703;118.224;4.52M;2.76%
10/04/2010;119.146;120.991;121.254;118.685;3.65M;-1.31%
10/01/2010;120.727;124.415;124.942;120.530;6.33M;-2.14%
09/30/2010;123.362;120.727;126.062;120.398;5.76M;1.74%
09/29/2010;121.254;124.086;125.008;120.991;4.62M;-1.71%
09/28/2010;123.362;124.020;125.667;122.242;5.99M;-1.06%
09/27/2010;124.679;124.679;126.391;124.613;3.68M;0.11%
09/24/2010;124.547;120.134;124.811;119.937;5.64M;3.28%
09/23/2010;120.595;120.661;122.176;119.805;6.37M;0.44%
09/22/2010;120.068;124.547;124.745;119.937;9.86M;-4.00%
09/21/2010;125.074;123.691;127.116;122.703;7.63M;-2.11%
09/20/2010;127.774;126.852;128.433;125.272;4.70M;0.88%
09/17/2010;126.655;131.529;131.660;126.325;7.08M;-2.48%
09/16/2010;129.882;132.055;132.714;129.619;4.36M;-1.89%
09/15/2010;132.385;133.867;134.031;130.936;3.25M;-0.50%
09/14/2010;133.044;134.031;134.855;131.660;4.02M;-0.62%
09/13/2010;133.867;131.891;135.019;131.726;4.27M;2.86%
09/10/2010;130.145;129.948;130.607;128.236;4.02M;-0.70%
09/09/2010;131.068;127.116;132.385;126.655;4.35M;2.52%
09/08/2010;127.840;125.140;128.236;123.954;4.52M;1.25%
09/07/2010;126.260;128.499;128.697;125.667;3.73M;-2.44%
09/06/2010;129.421;130.409;130.475;129.421;1.48M;0.10%
09/03/2010;129.289;127.774;131.133;127.182;4.68M;1.45%
09/02/2010;127.445;126.128;128.301;125.996;3.91M;0.36%
09/01/2010;126.984;122.637;127.050;120.925;5.20M;4.10%
08/31/2010;121.979;119.080;123.362;118.554;6.71M;0.05%
08/30/2010;121.913;124.218;124.613;121.517;2.80M;-1.02%
08/27/2010;123.164;122.505;124.284;120.266;5.17M;-0.37%
08/26/2010;123.625;123.164;124.284;122.505;5.75M;1.46%
08/25/2010;121.847;125.008;125.996;120.266;5.82M;-2.79%
08/24/2010;125.338;127.445;127.840;122.900;5.37M;-2.51%
08/23/2010;128.565;127.840;130.409;127.247;3.18M;0.77%
08/20/2010;127.577;126.786;128.697;126.589;4.29M;-0.05%
08/19/2010;127.643;131.463;131.891;127.182;4.46M;-2.12%
08/18/2010;130.409;130.409;131.891;128.828;3.90M;-0.45%
08/17/2010;131.002;130.541;131.594;129.750;3.19M;0.81%
08/16/2010;129.948;130.804;131.891;127.840;2.96M;-0.30%
08/13/2010;130.343;132.549;133.208;128.631;4.51M;-1.30%
08/12/2010;132.055;132.714;133.702;130.541;4.22M;-0.87%
08/11/2010;133.208;137.160;137.325;132.714;3.43M;-3.46%
08/10/2010;137.983;137.983;139.136;136.831;2.64M;-0.36%
08/09/2010;138.477;138.477;138.807;137.325;2.26M;1.45%
08/06/2010;136.501;137.818;139.465;135.349;4.25M;-0.36%
08/05/2010;136.995;140.124;140.124;136.337;4.44M;-1.89%
08/04/2010;139.630;141.112;142.264;137.160;7.80M;-2.75%
08/03/2010;143.582;146.216;147.204;141.112;5.87M;-1.80%
08/02/2010;146.216;142.429;146.381;142.100;3.81M;3.26%
07/30/2010;141.606;141.276;143.417;139.630;4.34M;-0.23%
07/29/2010;141.935;142.264;144.899;141.276;4.35M;0.00%
07/28/2010;141.935;142.923;144.570;141.441;4.55M;-0.35%
07/27/2010;142.429;135.349;143.252;135.184;8.90M;5.62%
07/26/2010;134.855;136.007;136.501;133.208;4.13M;0.37%
07/23/2010;134.361;134.855;136.007;133.044;4.15M;-0.49%
07/22/2010;135.019;130.145;135.678;129.619;5.38M;3.12%
07/21/2010;130.936;131.726;132.385;130.080;4.25M;0.66%
07/20/2010;130.080;131.891;132.549;127.577;5.48M;-0.45%
07/19/2010;130.672;129.750;132.879;127.840;5.50M;-0.70%
07/16/2010;131.594;133.537;135.843;129.750;5.04M;-1.33%
07/15/2010;133.373;135.019;137.160;132.220;4.58M;-1.94%
07/14/2010;136.007;138.148;138.313;134.031;4.18M;-0.84%
07/13/2010;137.160;135.349;137.983;135.184;4.62M;1.09%
07/12/2010;135.678;135.349;136.995;133.537;3.92M;0.49%
07/09/2010;135.019;131.726;136.831;131.529;5.99M;3.17%
07/08/2010;130.870;130.409;131.594;129.816;6.25M;1.22%
07/07/2010;129.289;120.398;130.014;119.871;8.45M;6.11%
07/06/2010;121.847;118.817;123.296;118.422;5.84M;3.06%
07/05/2010;118.224;120.200;120.332;117.895;2.17M;-1.48%
07/02/2010;120.003;120.727;121.320;119.080;5.23M;0.39%
07/01/2010;119.541;118.422;122.110;117.171;7.59M;-1.31%
06/30/2010;121.122;120.134;123.164;118.685;8.18M;0.82%
06/29/2010;120.134;124.745;125.469;119.871;6.83M;-5.64%
06/28/2010;127.313;127.972;129.223;125.338;7.43M;-0.21%
06/25/2010;127.577;126.128;128.301;124.745;7.61M;1.68%
06/24/2010;125.469;126.391;128.828;123.493;8.37M;-0.31%
06/23/2010;125.864;124.415;127.840;123.559;6.81M;-0.36%
06/22/2010;126.325;127.116;128.697;124.481;7.10M;-1.99%
06/21/2010;128.894;130.607;131.660;127.906;5.75M;0.82%
06/18/2010;127.840;125.206;128.433;123.888;8.50M;2.59%
06/17/2010;124.613;123.625;125.733;122.835;8.64M;0.80%
06/16/2010;123.625;127.313;128.236;120.991;12.13M;-1.88%
06/15/2010;125.996;119.212;126.325;118.619;10.60M;3.97%
06/14/2010;121.188;117.105;122.176;116.775;8.52M;5.14%
06/11/2010;115.260;113.087;116.578;111.770;9.85M;2.70%
06/10/2010;112.231;107.027;112.626;106.303;9.17M;4.03%
06/09/2010;107.884;107.027;108.411;105.710;8.14M;2.82%
06/08/2010;104.920;104.327;105.644;99.651;12.43M;1.79%
06/07/2010;103.076;100.771;105.447;99.190;9.99M;0.32%
06/04/2010;102.746;102.615;109.991;101.758;10.25M;-5.68%
06/03/2010;108.938;111.638;112.297;108.872;7.33M;0.43%
06/02/2010;108.477;108.345;110.255;106.764;7.14M;-0.90%
06/01/2010;109.465;113.680;114.009;106.369;13.02M;-4.48%
05/31/2010;114.602;111.967;115.063;111.440;3.42M;1.58%
05/28/2010;112.824;115.787;115.853;112.297;8.41M;-1.50%
05/27/2010;114.536;109.069;114.536;107.752;10.37M;6.69%
05/26/2010;107.357;107.884;110.255;107.357;12.18M;1.88%
05/25/2010;105.381;104.064;109.465;103.273;15.34M;-7.51%
05/24/2010;113.943;116.051;117.039;112.626;5.00M;-1.65%
05/21/2010;115.853;112.824;116.578;111.309;12.04M;2.45%
05/20/2010;113.087;110.584;118.949;109.728;11.66M;-2.55%
05/19/2010;116.051;119.871;120.464;115.260;13.81M;-5.98%
05/18/2010;123.427;122.176;124.284;120.661;10.03M;3.14%
05/17/2010;119.673;118.027;122.439;116.578;13.62M;0.44%
05/14/2010;119.146;119.410;126.194;115.787;13.24M;-6.32%
05/13/2010;127.182;130.211;130.607;125.601;8.63M;-0.16%
05/12/2010;127.379;128.960;132.549;125.864;10.27M;-0.31%
05/11/2010;127.774;126.786;128.104;123.032;10.41M;-1.52%
05/10/2010;129.750;124.481;129.750;117.895;15.78M;20.93%
05/07/2010;107.291;105.183;115.063;100.771;14.33M;-3.32%
05/06/2010;110.979;118.290;123.362;106.501;12.92M;-7.42%
05/05/2010;119.871;122.900;124.679;117.434;12.81M;-1.67%
05/04/2010;121.913;132.879;133.044;121.649;8.98M;-7.45%
05/03/2010;131.726;131.068;132.879;129.816;3.77M;0.30%
04/30/2010;131.331;133.537;136.172;129.553;8.16M;-0.80%
04/29/2010;132.385;132.714;133.044;128.301;8.03M;1.00%
04/28/2010;131.068;132.879;136.007;128.828;11.76M;-3.63%
04/27/2010;136.007;142.100;142.100;136.007;5.80M;-4.40%
04/26/2010;142.264;143.911;144.405;141.112;3.47M;0.12%
04/23/2010;142.100;142.264;143.088;139.630;4.82M;0.47%
04/22/2010;141.441;144.899;146.051;140.782;4.71M;-2.72%
04/21/2010;145.393;148.192;148.192;144.734;3.72M;-1.34%
04/20/2010;147.369;145.557;147.369;143.911;4.25M;2.52%
04/19/2010;143.746;142.594;145.064;141.606;5.17M;-0.68%
04/16/2010;144.734;150.003;150.333;143.582;5.82M;-3.83%
04/15/2010;150.497;151.320;151.320;148.851;2.88M;-0.11%
04/14/2010;150.662;149.345;151.320;149.345;3.48M;1.44%
04/13/2010;148.521;148.521;149.509;147.698;2.82M;-0.44%
04/12/2010;149.180;147.863;149.180;147.533;3.83M;2.26%
04/09/2010;145.887;145.064;146.051;143.746;3.44M;1.61%
04/08/2010;143.582;146.381;147.039;142.100;4.27M;-2.68%
04/07/2010;147.533;147.533;148.357;146.545;2.58M;-0.55%
04/06/2010;148.357;148.686;148.851;146.216;2.41M;0.45%
04/01/2010;147.698;145.228;147.698;144.570;2.75M;2.51%
03/31/2010;144.076;145.228;147.204;142.429;3.91M;-1.02%
03/30/2010;145.557;147.863;148.357;145.393;2.83M;-0.79%
03/29/2010;146.710;148.192;150.003;145.064;3.17M;-0.78%
03/26/2010;147.863;143.252;148.357;142.923;5.14M;2.98%
03/25/2010;143.582;140.947;144.076;140.618;2.86M;1.75%
03/24/2010;141.112;142.923;143.088;138.807;4.04M;-0.46%
03/23/2010;141.770;141.276;143.582;139.794;4.61M;0.82%
03/22/2010;140.618;139.794;141.276;138.313;3.30M;0.35%
03/19/2010;140.124;142.923;143.417;140.124;5.37M;-0.93%
03/18/2010;141.441;142.594;144.570;141.276;4.00M;-0.81%
03/17/2010;142.594;140.618;142.758;139.136;7.02M;6.26%
03/16/2010;134.196;130.343;134.690;129.487;3.88M;2.08%
03/15/2010;131.463;133.867;134.525;131.463;2.34M;-1.80%
03/12/2010;133.867;133.373;135.843;133.044;3.40M;0.87%
03/11/2010;132.714;133.208;134.196;132.055;2.37M;-1.10%
03/10/2010;134.196;131.068;134.196;130.541;2.43M;2.08%
03/09/2010;131.463;132.714;133.208;130.145;3.05M;-1.31%
03/08/2010;133.208;134.031;134.031;132.714;1.94M;0.62%
03/05/2010;132.385;130.870;133.208;129.553;4.12M;2.81%
03/04/2010;128.762;126.786;130.080;126.523;5.11M;0.62%
03/03/2010;127.972;122.044;128.433;122.044;5.02M;4.24%
03/02/2010;122.769;121.847;123.625;121.122;3.23M;0.38%
03/01/2010;122.308;123.823;124.613;120.595;3.47M;0.00%
02/26/2010;122.308;122.439;123.296;121.320;4.49M;1.48%
02/25/2010;120.530;123.427;125.272;120.200;4.56M;-3.43%
02/24/2010;124.811;124.745;125.403;120.068;5.82M;0.53%
02/23/2010;124.152;130.409;130.475;124.086;4.61M;-3.88%
02/22/2010;129.158;131.891;132.385;129.026;3.01M;-1.16%
02/19/2010;130.672;128.499;130.672;127.906;4.26M;0.10%
02/18/2010;130.541;131.133;132.714;130.145;4.60M;-1.02%
02/17/2010;131.891;131.726;133.208;131.199;3.78M;2.01%
02/16/2010;129.289;129.882;130.607;127.313;3.30M;0.87%
02/15/2010;128.170;126.457;129.948;126.325;2.86M;1.57%
02/12/2010;126.194;129.421;130.014;124.745;5.03M;-1.64%
02/11/2010;128.301;131.726;133.208;126.128;6.12M;-1.91%
02/10/2010;130.804;128.631;131.529;128.301;5.55M;3.71%
02/09/2010;126.128;125.667;130.475;124.613;5.37M;-0.26%
02/08/2010;126.457;127.116;130.014;122.703;7.67M;-1.49%
02/05/2010;128.367;129.421;130.870;124.876;8.79M;-2.06%
02/04/2010;131.068;137.983;138.807;130.738;6.16M;-5.01%
02/03/2010;137.983;140.124;142.264;137.489;5.05M;-1.41%
02/02/2010;139.959;135.843;140.124;134.361;4.12M;3.28%
02/01/2010;135.513;131.068;136.007;129.816;3.31M;1.86%
01/29/2010;133.044;128.433;134.855;126.128;4.20M;3.96%
01/28/2010;127.972;136.007;136.995;126.852;4.56M;-4.05%
01/27/2010;133.373;134.855;136.172;132.055;3.67M;-2.88%
01/26/2010;137.325;138.313;138.971;133.867;4.38M;-2.23%
01/25/2010;140.453;139.794;143.911;139.136;2.40M;-1.04%
01/22/2010;141.935;142.429;145.393;137.818;5.57M;-2.16%
01/21/2010;145.064;146.545;149.509;144.899;3.77M;-0.45%
01/20/2010;145.722;149.180;150.662;145.557;3.94M;-3.17%
01/19/2010;150.497;146.051;150.827;143.911;4.27M;2.35%
01/18/2010;147.039;147.204;148.521;146.381;2.40M;-0.56%
01/15/2010;147.863;151.156;152.144;147.698;3.52M;-2.18%
01/14/2010;151.156;151.156;152.638;150.168;3.00M;0.88%
01/13/2010;149.839;149.015;150.662;148.192;2.51M;-0.76%
01/12/2010;150.991;152.802;153.296;150.168;2.77M;-0.76%
01/11/2010;152.144;153.296;155.766;152.144;3.07M;0.29%
01/08/2010;151.707;152.022;154.537;151.550;4.08M;0.94%
01/07/2010;150.293;146.834;151.236;145.419;3.19M;2.36%
01/06/2010;146.834;148.406;148.563;145.891;1.04M;-0.85%
01/05/2010;148.092;150.135;150.764;147.934;1.65M;-1.46%
01/04/2010;150.293;149.035;150.764;148.406;1.08M;2.03%
12/30/2009;147.306;148.721;150.135;147.148;842.80K;-0.74%
12/29/2009;148.406;148.406;149.821;147.620;854.51K;0.43%
12/28/2009;147.777;147.777;148.249;147.306;700.94K;0.97%
12/23/2009;146.362;146.205;147.463;145.891;909.52K;0.65%
12/22/2009;145.419;144.476;146.205;144.319;1.17M;0.98%
12/21/2009;144.004;144.004;144.476;142.589;1.07M;0.77%
12/18/2009;142.904;144.004;144.633;141.332;2.52M;0.33%
12/17/2009;142.432;143.690;144.161;142.118;1.47M;-1.84%
12/16/2009;145.105;143.061;145.262;142.275;1.66M;2.10%
12/15/2009;142.118;144.790;144.790;140.388;1.61M;-1.31%
12/14/2009;144.004;145.419;145.891;142.589;1.41M;0.77%
12/11/2009;142.904;146.048;146.834;142.589;2.22M;-1.41%
12/10/2009;144.947;141.803;145.262;139.602;2.22M;2.10%
12/09/2009;141.960;143.533;145.105;139.917;3.18M;-1.63%
12/08/2009;144.319;148.092;148.878;143.533;1.75M;-2.55%
12/07/2009;148.092;148.563;149.507;147.934;1.09M;-1.05%
12/04/2009;149.664;146.362;151.393;143.690;3.44M;1.82%
12/03/2009;146.991;149.664;150.135;146.205;2.45M;-0.11%
12/02/2009;147.148;149.349;149.978;146.048;2.46M;-0.74%
12/01/2009;148.249;144.633;148.249;144.633;2.07M;3.63%
11/30/2009;143.061;148.406;148.721;142.275;2.83M;-2.15%
11/27/2009;146.205;135.829;147.306;135.200;4.49M;3.10%
11/26/2009;141.803;147.934;148.092;140.860;3.25M;-4.85%
11/25/2009;149.035;150.607;151.865;147.148;2.34M;-0.52%
11/24/2009;149.821;151.236;153.122;149.821;2.00M;-1.95%
11/23/2009;152.808;149.978;153.751;149.507;1.79M;3.40%
11/20/2009;147.777;149.349;151.707;146.362;2.55M;-0.63%
11/19/2009;148.721;152.965;154.066;148.249;3.62M;-3.17%
11/18/2009;153.594;159.096;159.253;153.122;3.36M;-2.59%
11/17/2009;157.681;161.140;161.769;157.681;1.85M;-2.43%
11/16/2009;161.612;160.354;162.555;159.411;2.12M;1.78%
11/13/2009;158.782;155.323;158.782;154.380;2.06M;1.41%
11/12/2009;156.581;157.367;159.096;155.480;2.09M;-0.90%
11/11/2009;157.996;157.524;159.568;157.210;2.88M;0.40%
11/10/2009;157.367;160.354;162.555;159.411;2.12M;-0.60%
11/09/2009;158.310;152.179;158.310;151.865;3.53M;5.33%
11/06/2009;150.293;151.079;152.493;146.991;2.93M;-0.10%
11/05/2009;150.450;145.734;151.865;144.161;2.84M;1.38%
11/04/2009;148.406;144.319;149.035;143.533;3.17M;4.08%
11/03/2009;142.589;144.004;145.262;140.703;3.44M;-2.47%
11/02/2009;146.205;142.275;148.563;140.546;3.20M;1.53%
10/30/2009;144.004;152.179;153.122;142.747;3.57M;-3.38%
10/29/2009;149.035;140.860;149.978;136.458;5.01M;4.06%
10/28/2009;143.218;147.620;147.777;142.432;4.24M;-3.50%
10/27/2009;148.406;153.594;154.537;146.520;5.53M;-3.08%
10/26/2009;153.122;157.210;160.040;151.236;4.80M;-2.01%
10/23/2009;156.266;166.642;167.271;155.323;5.14M;-4.97%
10/22/2009;164.441;165.385;166.014;162.240;3.55M;-2.43%
10/21/2009;168.529;172.145;172.145;165.070;3.61M;-1.65%
10/20/2009;171.359;173.560;174.031;171.044;2.22M;-1.00%
10/19/2009;173.088;172.931;174.346;172.302;2.07M;0.82%
10/16/2009;171.673;174.817;175.760;170.258;3.01M;-1.35%
10/15/2009;174.031;174.817;175.446;172.459;2.86M;0.45%
10/14/2009;173.245;171.516;173.245;171.044;2.38M;2.42%
10/13/2009;169.158;171.988;172.931;169.158;2.49M;-1.74%
10/12/2009;172.145;170.415;172.145;169.944;2.23M;1.58%
10/09/2009;169.472;168.686;170.258;167.428;1.94M;0.28%
10/08/2009;169.001;169.787;170.101;168.214;2.65M;1.03%
10/07/2009;167.271;166.800;169.629;166.014;3.11M;0.09%
10/06/2009;167.114;164.756;167.114;163.027;4.14M;2.31%
10/05/2009;163.341;162.555;163.655;159.725;2.75M;2.26%
10/02/2009;159.725;162.240;162.555;157.839;3.82M;-2.21%
10/01/2009;163.341;168.529;169.787;163.184;3.04M;-2.72%
09/30/2009;167.900;172.145;174.503;164.756;7.21M;-1.84%
09/29/2009;171.044;168.843;171.830;168.372;5.76M;2.06%
09/28/2009;167.586;164.441;167.586;161.926;5.30M;1.33%
09/25/2009;165.385;160.040;165.385;158.153;7.78M;4.16%
09/24/2009;158.782;159.411;163.498;156.895;8.12M;-0.98%
09/23/2009;160.354;155.009;160.511;154.223;6.62M;3.55%
09/22/2009;154.852;161.297;161.769;154.223;7.07M;-3.53%
09/21/2009;160.511;165.542;165.699;157.524;6.95M;-2.58%
09/18/2009;164.756;169.315;171.673;164.756;8.47M;-2.24%
09/17/2009;168.529;166.328;169.001;164.441;6.40M;2.39%
09/16/2009;164.599;162.240;164.913;162.240;4.69M;1.65%
09/15/2009;161.926;163.498;163.655;160.668;4.92M;-0.48%
09/14/2009;162.712;159.725;163.027;159.253;4.07M;0.00%
09/11/2009;162.712;162.555;163.813;160.983;5.70M;1.47%
09/10/2009;160.354;163.341;163.655;158.153;6.04M;-1.07%
09/09/2009;162.083;160.197;162.083;159.882;4.58M;0.00%
09/08/2009;162.083;163.970;164.127;161.140;5.48M;-0.67%
09/07/2009;163.184;162.083;163.341;161.454;2.90M;2.47%
09/04/2009;159.253;158.310;160.040;157.839;4.59M;1.20%
09/03/2009;157.367;154.694;157.839;151.865;7.27M;2.98%
09/02/2009;152.808;153.908;154.223;150.135;6.49M;-1.52%
09/01/2009;155.166;160.354;161.297;154.537;7.58M;-2.37%
08/31/2009;158.939;161.140;161.454;158.467;4.06M;-2.32%
08/28/2009;162.712;163.027;164.913;162.083;6.02M;1.07%
08/27/2009;160.983;161.454;163.184;159.882;5.73M;-0.58%
08/26/2009;161.926;160.511;163.341;160.354;7.25M;1.08%
08/25/2009;160.197;159.725;162.398;158.782;7.11M;-1.26%
08/24/2009;162.240;156.581;162.398;156.266;7.59M;5.20%
08/21/2009;154.223;149.821;154.223;148.878;4.68M;2.94%
08/20/2009;149.821;150.135;151.079;147.934;3.73M;1.82%
08/19/2009;147.148;146.834;148.092;144.476;3.71M;-1.16%
08/18/2009;148.878;145.891;148.878;145.105;4.79M;3.38%
08/17/2009;144.004;147.148;149.978;143.533;5.35M;-3.78%
08/14/2009;149.664;154.852;156.581;149.349;4.28M;-2.86%
08/13/2009;154.066;150.764;154.223;149.978;5.84M;2.83%
08/12/2009;149.821;146.834;149.821;142.747;5.07M;2.14%
08/11/2009;146.677;149.035;151.550;146.520;4.77M;-2.00%
08/10/2009;149.664;147.777;150.293;146.362;3.21M;0.63%
08/07/2009;148.721;145.262;149.349;142.118;6.53M;1.72%
08/06/2009;146.205;149.507;151.079;142.275;6.47M;0.54%
08/05/2009;145.419;139.917;149.349;138.973;11.89M;3.93%
08/04/2009;139.917;136.144;142.118;132.999;8.45M;3.25%
08/03/2009;135.515;128.912;136.773;128.912;5.78M;4.87%
07/31/2009;129.226;130.484;132.528;128.598;5.59M;-0.96%
07/30/2009;130.484;127.497;130.484;126.240;4.67M;3.49%
07/29/2009;126.082;122.624;126.711;122.121;5.03M;3.08%
07/28/2009;122.309;128.283;129.384;122.309;6.25M;-4.66%
07/27/2009;128.283;127.183;128.440;126.397;4.41M;2.51%
07/24/2009;125.139;124.196;126.711;123.127;5.65M;0.51%
07/23/2009;124.510;122.812;124.510;121.492;5.11M;2.22%
07/22/2009;121.806;122.749;123.441;119.605;4.52M;0.57%
07/21/2009;121.114;120.108;123.441;120.045;5.22M;1.37%
07/20/2009;119.479;117.970;120.611;117.279;3.79M;2.59%
07/17/2009;116.461;117.090;117.593;114.952;3.83M;0.22%
07/16/2009;116.210;115.958;118.033;114.512;5.54M;0.49%
07/15/2009;115.644;111.493;115.644;111.430;4.34M;5.09%
07/14/2009;110.047;109.104;111.053;108.286;5.35M;2.52%
07/13/2009;107.343;103.004;107.594;101.054;5.44M;3.90%
07/10/2009;103.318;106.903;107.972;103.192;4.15M;-3.69%
07/09/2009;107.280;106.777;109.229;106.337;3.63M;1.97%
07/08/2009;105.205;108.035;108.978;104.765;4.70M;-4.13%
07/07/2009;109.732;110.550;112.311;109.607;3.12M;0.40%
07/06/2009;109.292;109.544;112.248;107.532;3.39M;-2.85%
07/03/2009;112.499;112.311;112.877;111.619;1.68M;0.51%
07/02/2009;111.933;113.820;114.826;111.933;4.22M;-2.63%
07/01/2009;114.952;113.694;115.329;113.506;3.43M;1.84%
06/30/2009;112.877;113.506;115.518;111.933;3.77M;-0.66%
06/29/2009;113.631;110.550;113.631;110.047;2.99M;2.09%
06/26/2009;111.304;115.203;116.272;111.179;4.44M;-2.26%
06/25/2009;113.883;114.952;115.203;111.682;4.25M;-1.47%
06/24/2009;115.581;111.116;115.644;109.858;4.65M;5.51%
06/23/2009;109.544;109.544;112.939;106.903;4.58M;-0.85%
06/22/2009;110.487;116.021;116.587;110.487;4.06M;-5.03%
06/19/2009;116.335;116.335;116.461;113.946;5.79M;1.37%
06/18/2009;114.763;110.676;115.329;106.588;6.54M;4.58%
06/17/2009;109.732;116.335;117.970;108.538;5.84M;-6.43%
06/16/2009;117.279;120.611;121.240;114.637;5.55M;-2.36%
06/15/2009;120.108;125.391;125.579;120.108;3.52M;-4.40%
06/12/2009;125.642;127.812;128.283;125.642;2.67M;-1.33%
06/11/2009;127.340;125.265;127.340;124.699;3.00M;2.27%
06/10/2009;124.510;127.025;127.654;124.447;2.92M;-0.50%
06/09/2009;125.139;126.397;127.340;125.139;3.06M;0.00%
06/08/2009;125.139;126.397;126.711;121.743;4.69M;0.15%
06/05/2009;124.950;124.510;127.497;123.944;5.44M;0.71%
06/04/2009;124.070;121.618;125.453;117.970;5.15M;3.19%
06/03/2009;120.234;122.812;123.756;119.731;4.44M;-0.57%
06/02/2009;120.926;118.725;121.618;117.467;2.84M;1.21%
06/01/2009;119.479;117.907;119.542;117.404;2.82M;2.76%
05/29/2009;116.272;117.027;117.153;115.078;2.20M;0.71%
05/28/2009;115.455;115.455;117.341;114.449;2.12M;-1.55%
05/27/2009;117.279;118.725;119.417;116.524;2.79M;0.32%
05/26/2009;116.901;113.820;116.901;111.367;3.39M;1.64%
05/25/2009;115.015;115.706;116.650;110.676;2.10M;-0.16%
05/22/2009;115.203;115.203;116.713;114.512;2.69M;0.66%
05/21/2009;114.449;117.593;118.096;113.946;3.22M;-5.01%
05/20/2009;120.486;117.907;121.303;115.769;3.51M;1.86%
05/19/2009;118.285;116.964;119.605;114.512;4.73M;4.50%
05/18/2009;113.191;99.042;113.757;98.225;5.25M;7.56%
05/15/2009;105.234;108.135;108.359;103.951;4.47M;-0.21%
05/14/2009;105.457;106.573;108.414;99.877;6.23M;-2.88%
05/13/2009;108.582;119.964;120.801;106.573;5.07M;-7.66%
05/12/2009;117.593;117.175;120.941;111.595;3.37M;-0.94%
05/11/2009;118.709;123.591;125.544;117.314;4.54M;-1.50%
05/08/2009;120.522;115.222;120.522;114.664;3.78M;8.87%
05/07/2009;110.702;118.430;121.359;107.856;5.72M;-3.34%
05/06/2009;114.524;109.754;116.198;108.916;4.73M;5.64%
05/05/2009;108.414;108.080;110.200;107.410;4.04M;1.36%
05/04/2009;106.964;105.959;108.024;105.122;2.84M;2.57%
04/30/2009;104.285;104.620;105.848;103.337;3.66M;0.48%
04/29/2009;103.783;103.225;104.397;102.221;2.74M;1.64%
04/28/2009;102.109;103.616;104.843;99.933;4.04M;-2.92%
04/27/2009;105.178;99.654;105.178;98.817;3.27M;3.46%
04/24/2009;101.663;101.551;102.779;101.161;2.34M;1.79%
04/23/2009;99.877;97.088;102.500;96.585;4.27M;2.29%
04/22/2009;97.646;96.530;98.259;93.014;4.06M;2.82%
04/21/2009;94.967;96.920;99.319;89.834;5.58M;-2.18%
04/20/2009;97.088;102.611;105.904;94.911;5.39M;-5.07%
04/17/2009;102.277;100.435;102.946;100.435;4.85M;0.33%
04/16/2009;101.942;101.830;103.114;99.040;3.98M;3.28%
04/15/2009;98.706;96.418;101.495;96.362;4.70M;-0.62%
04/14/2009;99.319;95.414;100.212;94.856;5.96M;5.95%
04/09/2009;93.740;92.066;94.577;89.945;5.55M;5.26%
04/08/2009;89.053;82.022;89.611;81.799;5.14M;3.77%
04/07/2009;85.816;87.044;87.044;81.799;3.64M;0.13%
04/06/2009;85.705;87.044;91.117;81.074;6.56M;0.72%
04/03/2009;85.091;77.558;85.203;76.498;7.46M;7.47%
04/02/2009;79.176;77.000;79.176;75.940;4.78M;7.50%
04/01/2009;73.653;68.742;73.932;67.236;4.30M;6.28%
03/31/2009;69.300;64.669;69.300;64.669;3.31M;8.28%
03/30/2009;64.000;65.841;71.142;64.000;4.31M;-12.58%
03/27/2009;73.206;76.331;76.331;72.537;2.56M;-2.81%
03/26/2009;75.326;77.558;77.949;73.708;3.50M;-2.74%
03/25/2009;77.447;76.163;78.786;75.326;3.72M;0.22%
03/24/2009;77.279;83.640;83.696;75.717;6.59M;-1.28%
03/23/2009;78.284;72.090;78.284;71.532;5.83M;15.09%
03/20/2009;68.017;65.339;71.700;64.223;5.43M;-0.49%
03/19/2009;68.352;66.064;74.099;64.334;9.11M;6.24%
03/18/2009;64.334;62.884;65.674;56.746;9.08M;19.05%
03/17/2009;54.040;54.403;56.355;53.175;4.00M;0.26%
03/16/2009;53.900;53.565;54.570;52.561;2.79M;5.86%
03/13/2009;50.915;53.845;55.072;49.994;4.14M;-1.93%
03/12/2009;51.919;47.372;52.840;46.005;4.08M;6.83%
03/11/2009;48.599;46.312;50.050;45.866;5.04M;5.96%
03/10/2009;45.866;41.290;46.535;41.151;4.73M;11.99%
03/09/2009;40.955;38.779;41.848;37.189;4.51M;1.45%
03/06/2009;40.369;41.876;45.196;40.369;5.60M;-10.40%
03/05/2009;45.056;45.754;50.720;45.028;3.17M;-11.75%
03/04/2009;51.055;51.250;51.361;49.158;2.58M;2.18%
03/03/2009;49.967;48.042;52.171;47.958;4.36M;-2.45%
03/02/2009;51.222;54.124;54.207;51.222;2.51M;-9.11%
02/27/2009;56.355;55.407;57.750;54.681;3.24M;-0.49%
02/26/2009;56.634;55.184;57.583;54.235;3.57M;6.01%
02/25/2009;53.426;56.355;56.579;52.757;3.71M;-0.47%
02/24/2009;53.677;50.859;55.491;50.859;3.97M;3.50%
02/23/2009;51.864;53.286;56.467;51.055;4.67M;3.68%
02/20/2009;50.022;53.314;53.565;49.883;6.41M;-8.71%
02/19/2009;54.793;58.866;59.090;54.793;5.99M;-6.39%
02/18/2009;58.532;63.163;63.832;56.913;5.79M;-6.51%
02/17/2009;62.605;66.957;67.403;61.991;4.24M;-7.35%
02/16/2009;67.571;72.537;73.039;67.292;2.95M;-8.40%
02/13/2009;73.764;77.279;78.284;73.150;2.45M;-2.94%
02/12/2009;75.996;78.786;79.009;74.434;2.87M;-3.61%
02/11/2009;78.842;77.893;81.074;76.889;3.25M;-0.21%
02/10/2009;79.009;78.116;83.361;77.558;4.00M;0.00%
02/09/2009;79.009;74.769;79.511;74.211;3.26M;5.12%
02/06/2009;75.159;73.876;75.884;73.262;2.54M;3.14%
02/05/2009;72.871;72.537;73.987;70.528;2.29M;-1.51%
02/04/2009;73.987;73.095;76.889;72.258;2.39M;1.77%
02/03/2009;72.704;73.095;73.429;70.305;1.65M;1.09%
02/02/2009;71.923;75.326;75.550;71.086;2.96M;-6.73%
01/30/2009;77.112;75.661;79.009;74.545;3.35M;0.88%
01/29/2009;76.442;77.558;79.734;75.159;2.46M;-2.70%
01/28/2009;78.563;71.532;79.176;71.477;3.42M;11.57%
01/27/2009;70.416;72.090;72.592;69.245;2.63M;-1.41%
01/26/2009;71.421;68.631;72.090;67.627;3.00M;2.48%
01/23/2009;69.691;69.747;71.142;66.008;3.36M;-0.79%
01/22/2009;70.249;77.391;78.507;69.747;3.13M;-5.90%
01/21/2009;74.657;74.713;77.670;70.305;4.04M;-0.67%
01/20/2009;75.159;81.185;82.524;74.992;3.60M;-7.10%
01/19/2009;80.906;88.662;89.722;79.846;3.36M;-6.81%
01/16/2009;86.821;87.769;89.443;86.653;2.17M;2.44%
01/15/2009;84.756;89.276;90.671;84.533;3.60M;-5.65%
01/14/2009;89.834;97.255;98.148;88.997;2.94M;-7.15%
01/13/2009;96.753;100.435;101.830;96.251;1.88M;-3.93%
01/12/2009;100.714;100.993;103.002;100.547;1.01M;-0.50%
01/09/2009;101.216;106.015;106.015;98.203;2.12M;-3.51%
01/08/2009;104.899;104.899;106.127;103.783;1.79M;-2.13%
01/07/2009;107.187;110.479;111.260;105.904;2.10M;-2.49%
01/06/2009;109.921;105.680;112.432;105.680;2.17M;4.45%
01/05/2009;105.234;103.783;105.401;103.504;1.61M;1.95%
01/02/2009;103.225;98.371;103.225;97.646;1.21M;6.02%
12/30/2008;97.367;95.135;97.590;94.911;1.18M;3.38%
12/29/2008;94.186;94.632;95.358;93.349;761.51K;1.50%
12/23/2008;92.791;93.461;94.800;92.121;1.33M;-0.72%
12/22/2008;93.461;96.530;96.585;93.461;1.95M;-5.90%
12/19/2008;99.319;84.812;99.319;84.589;4.23M;11.95%
12/18/2008;88.718;86.932;90.057;86.430;1.91M;1.60%
12/17/2008;87.323;88.160;89.108;85.035;2.13M;-0.32%
12/16/2008;87.602;85.426;87.937;84.031;2.08M;3.09%
12/15/2008;84.979;89.276;90.224;84.143;1.99M;-4.21%
12/12/2008;88.718;87.044;89.499;84.031;2.98M;-2.45%
12/11/2008;90.950;94.856;95.414;90.950;2.04M;-4.62%
12/10/2008;95.358;96.585;96.641;93.907;1.73M;-0.06%
12/09/2008;95.414;93.182;96.697;91.842;2.69M;0.59%
12/08/2008;94.856;89.108;94.856;88.662;2.11M;12.88%
12/05/2008;84.031;90.559;91.731;84.031;3.16M;-7.21%
12/04/2008;90.559;94.353;96.474;89.387;2.94M;-4.19%
12/03/2008;94.521;94.911;95.135;90.727;1.91M;-1.22%
12/02/2008;95.693;92.066;95.971;89.443;2.25M;2.39%
12/01/2008;93.461;99.319;100.603;93.461;1.63M;-6.37%
11/28/2008;99.822;99.598;100.547;97.088;1.55M;0.22%
11/27/2008;99.598;100.435;101.719;99.543;1.28M;0.51%
11/26/2008;99.096;95.971;100.156;95.469;2.03M;1.20%
11/25/2008;97.924;100.268;104.230;97.255;3.62M;-3.73%
11/24/2008;101.719;93.126;101.719;92.345;2.53M;12.25%
11/21/2008;90.615;93.126;96.585;89.332;2.46M;-1.87%
11/20/2008;92.345;90.392;95.246;87.267;2.54M;-0.90%
11/19/2008;93.182;99.543;100.156;93.182;2.29M;-6.18%
11/18/2008;99.319;102.165;103.114;96.083;3.09M;-3.52%
11/17/2008;102.946;111.595;112.571;100.491;2.27M;-7.29%
11/14/2008;111.037;114.385;114.385;109.419;2.53M;2.21%
11/13/2008;108.638;107.075;110.256;104.453;2.30M;4.01%
11/12/2008;104.453;109.084;112.711;103.337;2.66M;0.65%
11/11/2008;103.783;115.501;115.501;102.109;2.25M;-11.00%
11/10/2008;116.617;119.407;121.359;114.524;1.76M;1.06%
11/07/2008;115.389;114.106;116.059;107.689;3.56M;1.62%
11/06/2008;113.548;116.756;124.707;113.408;3.62M;-8.42%
11/05/2008;123.982;125.265;131.821;117.175;4.72M;0.18%
11/04/2008;123.759;104.062;124.317;104.062;3.76M;19.18%
11/03/2008;103.839;108.805;108.805;103.393;2.23M;-1.43%
10/31/2008;105.345;98.315;105.401;97.701;2.89M;5.77%
10/30/2008;99.598;98.148;105.457;96.530;3.93M;4.57%
10/29/2008;95.246;93.740;95.916;89.555;4.16M;11.21%
10/28/2008;85.649;104.453;104.899;85.649;4.05M;-13.03%
10/27/2008;98.482;100.101;101.551;94.074;2.70M;-5.11%
10/24/2008;103.783;106.015;109.363;100.714;3.87M;-8.19%
10/23/2008;113.046;116.338;117.453;106.155;3.26M;-2.83%
10/22/2008;116.338;122.754;124.986;116.059;3.06M;-7.33%
10/21/2008;125.544;128.892;130.426;125.265;2.28M;-0.66%
10/20/2008;126.381;134.193;135.588;124.847;3.08M;-2.58%
10/17/2008;129.729;132.240;135.030;123.033;5.00M;7.64%
10/16/2008;120.522;128.334;136.006;120.522;4.75M;-13.08%
10/15/2008;138.657;146.747;149.537;136.425;3.77M;-8.07%
10/14/2008;150.820;152.327;153.164;147.166;4.42M;4.65%
10/13/2008;144.125;140.191;144.097;133.356;4.23M;11.34%
10/10/2008;129.450;134.472;138.238;127.776;6.41M;-13.11%
10/09/2008;148.979;145.073;151.490;138.238;4.44M;9.20%
10/08/2008;136.425;142.283;156.093;135.169;5.27M;-12.58%
10/07/2008;156.065;167.392;167.392;150.095;4.49M;-4.02%
10/06/2008;162.594;148.979;168.090;144.515;5.25M;-5.48%
10/03/2008;172.023;161.813;172.972;157.349;3.51M;9.60%
10/02/2008;156.958;164.044;171.438;154.559;3.97M;-2.53%
10/01/2008;161.031;153.443;164.602;142.004;6.75M;11.09%
09/30/2008;144.962;158.046;162.650;142.283;8.04M;-12.67%
09/29/2008;165.997;181.063;181.342;163.068;5.56M;-10.23%
09/26/2008;184.913;187.619;189.293;179.947;3.27M;-3.18%
09/25/2008;190.995;183.992;192.780;180.784;3.45M;3.20%
09/24/2008;185.080;193.617;195.291;182.039;3.91M;-3.44%
09/23/2008;191.664;192.501;196.407;185.805;3.17M;-1.69%
09/22/2008;194.956;201.847;209.101;194.872;4.22M;-2.32%
09/19/2008;199.587;192.501;203.103;186.363;8.53M;13.41%
09/18/2008;175.985;173.530;181.621;172.833;5.58M;-1.00%
09/17/2008;177.770;197.802;199.197;177.436;6.47M;-8.16%
09/16/2008;193.561;197.941;201.010;188.316;5.87M;-4.44%
09/15/2008;202.545;200.871;206.869;193.477;5.87M;-3.07%
09/12/2008;208.961;210.496;210.775;204.916;2.16M;0.81%
09/11/2008;207.287;208.682;209.101;201.987;2.80M;-1.35%
09/10/2008;210.133;211.891;213.286;208.403;2.91M;-1.15%
09/09/2008;212.588;214.262;219.563;211.054;3.78M;-0.88%
09/08/2008;214.485;214.820;220.121;213.286;4.15M;5.11%
09/05/2008;204.051;204.358;207.566;201.708;3.30M;-1.77%
09/04/2008;207.734;210.496;213.983;207.287;3.21M;-1.27%
09/03/2008;210.412;210.496;212.170;209.101;2.04M;-0.63%
09/02/2008;211.751;207.566;214.123;206.171;2.51M;2.73%
09/01/2008;206.116;202.824;207.008;202.266;1.25M;0.27%
08/29/2008;205.558;205.335;207.148;203.103;1.84M;0.63%
08/28/2008;204.274;196.965;206.590;195.570;2.56M;3.56%
08/27/2008;197.244;197.662;198.220;195.430;1.45M;-0.79%
08/26/2008;198.806;196.965;199.336;194.733;1.81M;0.14%
08/25/2008;198.527;201.429;201.429;197.941;1.02M;-1.28%
08/22/2008;201.094;197.523;201.847;195.291;1.86M;2.10%
08/21/2008;196.965;199.755;200.731;195.988;1.63M;-2.19%
08/20/2008;201.373;204.219;205.195;197.523;1.89M;-1.12%
08/19/2008;203.661;206.450;206.590;202.963;1.91M;-2.56%
08/18/2008;209.017;209.798;211.472;207.566;1.25M;-0.40%
08/14/2008;209.854;211.751;213.425;206.590;1.47M;-0.45%
08/13/2008;210.803;215.099;215.936;209.798;2.05M;-3.33%
08/12/2008;218.056;219.284;221.376;215.796;2.02M;-1.16%
08/11/2008;220.623;220.679;223.329;219.423;1.88M;0.69%
08/08/2008;219.116;220.400;221.655;214.262;2.13M;-1.65%
08/07/2008;222.799;219.842;225.561;219.284;2.11M;0.83%
08/06/2008;220.958;222.074;223.050;217.191;1.91M;0.08%
08/05/2008;220.790;210.077;221.376;209.101;2.85M;5.86%
08/04/2008;208.571;211.472;211.891;207.427;1.69M;-2.17%
08/01/2008;213.202;212.728;217.610;211.612;2.06M;-0.75%
07/31/2008;214.820;212.030;218.865;211.891;2.16M;0.84%
07/30/2008;213.035;215.378;215.378;211.054;2.46M;1.25%
07/29/2008;210.412;208.264;212.030;205.195;3.27M;-1.49%
07/28/2008;213.592;218.726;218.726;212.728;2.47M;-3.50%
07/25/2008;221.348;218.168;222.632;216.076;3.27M;-1.15%
07/24/2008;223.915;224.166;227.096;222.492;2.12M;0.43%
07/23/2008;222.967;220.260;224.864;219.005;3.17M;3.04%
07/22/2008;216.382;211.472;217.610;208.264;2.43M;0.70%
07/21/2008;214.876;215.936;217.331;210.077;2.63M;-0.03%
07/18/2008;214.932;204.497;215.378;203.242;4.12M;4.76%
07/17/2008;205.167;203.661;208.543;201.568;4.36M;3.17%
07/16/2008;198.862;193.896;199.894;186.921;3.86M;2.95%
07/15/2008;193.171;198.639;198.778;187.479;4.26M;-3.94%
07/14/2008;201.094;200.034;204.079;199.894;2.21M;1.32%
07/11/2008;198.471;206.450;206.450;198.360;2.30M;-3.18%
07/10/2008;205.000;200.871;209.519;200.592;2.71M;-0.27%
07/09/2008;205.558;202.405;207.427;201.429;2.67M;3.28%
07/08/2008;199.029;200.034;200.592;196.686;2.71M;-2.51%
07/07/2008;204.163;204.777;206.032;202.405;1.96M;0.94%
07/04/2008;202.266;212.030;212.030;202.266;2.33M;-4.08%
07/03/2008;210.858;204.777;213.425;204.497;3.36M;1.04%
07/02/2008;208.682;209.659;212.170;205.335;2.65M;0.05%
07/01/2008;208.571;217.052;217.052;206.450;3.00M;-3.86%
06/30/2008;216.940;215.936;217.749;211.891;1.97M;0.28%
06/27/2008;216.327;218.447;219.005;212.030;2.80M;-1.75%
06/26/2008;220.177;226.956;226.956;218.865;3.66M;-4.29%
06/25/2008;230.053;227.653;231.838;225.980;2.38M;1.75%
06/24/2008;226.091;224.445;227.514;220.679;2.11M;0.40%
06/23/2008;225.198;224.027;229.048;224.027;2.00M;0.57%
06/20/2008;223.915;224.724;228.072;218.168;2.93M;-0.17%
06/19/2008;224.306;223.329;227.653;223.050;2.36M;-0.37%
06/18/2008;225.143;227.653;228.630;224.306;2.10M;-1.71%
06/17/2008;229.048;230.722;232.396;225.003;2.36M;2.19%
06/16/2008;224.138;227.793;231.141;221.376;2.19M;-1.59%
06/13/2008;227.765;223.050;228.211;220.260;2.16M;1.54%
06/12/2008;224.306;223.748;225.421;219.981;2.70M;0.73%
06/11/2008;222.688;229.746;231.699;221.516;2.97M;-2.30%
06/10/2008;227.932;227.096;230.583;224.027;2.29M;-0.68%
06/09/2008;229.495;230.583;232.675;227.793;1.87M;-1.08%
06/06/2008;232.006;243.277;243.695;231.001;2.64M;-3.84%
06/05/2008;241.268;243.695;244.393;239.092;1.93M;-0.78%
06/04/2008;243.165;242.440;243.835;238.952;1.58M;-0.16%
06/03/2008;243.556;244.114;247.043;242.719;1.62M;-0.71%
06/02/2008;245.285;249.693;249.693;244.393;2.33M;-2.16%
05/30/2008;250.698;243.277;250.670;243.137;3.14M;4.05%
05/29/2008;240.933;244.532;244.532;239.092;3.13M;-0.51%
05/28/2008;242.161;246.764;247.601;241.742;3.14M;-1.45%
05/27/2008;245.732;239.929;247.182;235.884;7.28M;3.23%
05/26/2008;238.032;240.487;241.184;237.418;3.14M;-1.91%
05/23/2008;242.663;245.788;245.788;241.742;4.48M;-1.05%
05/22/2008;245.230;236.581;246.625;235.605;6.30M;2.30%
05/21/2008;239.706;246.764;247.182;238.394;4.81M;-2.36%
05/20/2008;245.509;247.740;248.298;244.532;4.25M;-1.46%
05/19/2008;249.135;250.809;251.925;247.322;1.77M;-5.08%
05/16/2008;262.471;265.317;268.107;261.550;2.08M;-1.16%
05/15/2008;265.540;268.525;268.525;262.945;4.90M;-0.63%
05/14/2008;267.214;267.828;271.175;265.177;10.22M;0.61%
05/13/2008;265.596;264.619;266.433;260.155;7.62M;1.54%
05/12/2008;261.578;262.945;263.922;259.737;6.92M;-0.76%
05/09/2008;263.587;260.853;265.038;258.342;6.21M;-1.21%
05/08/2008;266.823;269.223;270.478;265.038;5.05M;-3.26%
05/07/2008;275.807;273.686;276.476;270.757;4.76M;0.47%
05/06/2008;274.523;277.871;279.824;271.733;3.74M;-1.80%
05/05/2008;279.545;280.382;281.777;278.150;1.28M;-0.63%
05/02/2008;281.331;276.197;282.753;274.105;4.56M;3.30%
04/30/2008;272.347;273.128;274.523;269.780;2.91M;-0.31%
04/29/2008;273.184;274.942;274.942;266.991;1.75M;-0.79%
04/28/2008;275.360;277.313;278.987;274.105;1.98M;-0.36%
04/25/2008;276.365;268.944;278.848;268.664;2.67M;3.40%
04/24/2008;267.270;260.574;267.549;260.574;2.56M;3.21%
04/23/2008;258.956;265.596;266.851;252.065;4.89M;-2.05%
04/22/2008;264.368;265.456;266.991;262.945;1.73M;-0.80%
04/21/2008;266.488;269.501;272.431;264.061;2.39M;-0.56%
04/18/2008;267.995;261.550;270.617;261.411;3.37M;3.51%
04/17/2008;258.900;260.853;263.224;255.692;2.23M;-0.22%
04/16/2008;259.458;258.621;259.458;253.599;2.05M;1.51%
04/15/2008;255.608;261.690;261.690;253.460;1.96M;-1.27%
04/14/2008;258.900;258.203;260.295;256.947;1.48M;-1.32%
04/11/2008;262.359;267.967;268.664;260.992;1.75M;-1.28%
04/10/2008;265.763;266.851;266.851;261.829;1.63M;-0.65%
04/09/2008;267.493;268.246;269.362;265.317;1.96M;-0.97%
04/08/2008;270.115;266.014;270.617;262.806;2.28M;0.83%
04/07/2008;267.883;266.014;271.454;264.061;2.72M;1.76%
04/04/2008;263.252;262.806;267.270;261.411;2.63M;0.77%
04/03/2008;261.243;263.643;263.782;257.923;2.38M;-0.72%
04/02/2008;263.141;257.505;266.991;254.576;5.75M;4.13%
04/01/2008;252.706;235.326;253.878;235.326;4.42M;6.89%
03/31/2008;236.414;236.302;237.139;233.652;2.04M;-1.00%
03/28/2008;238.813;237.697;239.371;235.744;2.37M;0.73%
03/27/2008;237.083;231.559;240.766;231.559;3.57M;1.53%
03/26/2008;233.512;235.605;238.534;231.280;2.85M;-1.90%
03/25/2008;238.032;245.509;245.509;235.744;3.88M;3.17%
03/20/2008;230.722;237.139;240.068;226.956;5.82M;-4.48%
03/19/2008;241.547;250.251;251.646;239.510;3.49M;-2.26%
03/18/2008;247.127;240.208;247.601;239.650;3.15M;4.19%
03/17/2008;237.195;237.697;244.114;234.489;3.88M;-4.39%
03/14/2008;248.075;252.623;260.016;245.648;3.24M;-2.61%
03/13/2008;254.715;259.598;262.806;242.858;6.86M;-4.02%
03/12/2008;265.372;268.385;271.733;263.782;2.41M;0.36%
03/11/2008;264.424;256.668;267.967;255.831;2.51M;3.47%
03/10/2008;255.552;256.947;259.876;252.902;1.57M;-0.89%
03/07/2008;257.840;258.342;261.411;253.878;2.49M;-1.51%
03/06/2008;261.801;268.107;268.107;260.434;1.75M;-3.06%
03/05/2008;270.060;266.572;270.757;265.038;1.62M;2.50%
03/04/2008;263.475;269.501;272.849;261.411;2.54M;-2.38%
03/03/2008;269.892;265.596;272.291;265.317;1.79M;-0.94%
02/29/2008;272.459;276.476;277.313;268.107;2.67M;-2.24%
02/28/2008;278.708;282.614;285.404;275.639;2.16M;-1.75%
02/27/2008;283.674;284.846;285.125;279.266;2.12M;0.10%
02/26/2008;283.395;278.569;284.009;277.592;2.50M;2.30%
02/25/2008;277.034;273.686;277.871;272.431;1.75M;2.99%
02/22/2008;268.999;273.547;278.290;267.549;2.08M;-2.21%
02/21/2008;275.081;276.476;281.079;273.965;1.60M;0.33%
02/20/2008;274.189;270.060;275.500;267.967;2.36M;0.31%
02/19/2008;273.352;272.989;278.429;269.780;2.16M;-0.63%
02/18/2008;275.081;273.268;275.081;269.641;1.38M;1.96%
02/15/2008;269.780;279.266;282.335;269.501;3.14M;-3.42%
02/14/2008;279.322;279.824;285.125;273.686;3.75M;0.76%
02/13/2008;277.202;267.688;279.545;266.712;3.76M;2.58%
02/12/2008;270.227;257.366;270.617;253.739;4.95M;6.35%
02/11/2008;254.101;253.739;257.226;248.577;2.47M;-0.35%
02/08/2008;254.994;264.061;266.712;253.599;2.90M;-2.64%
02/07/2008;261.913;270.060;272.989;260.853;2.87M;-3.18%
02/06/2008;270.506;270.339;275.360;267.549;2.40M;-0.55%
02/05/2008;272.012;282.335;282.335;271.733;2.29M;-3.88%
02/04/2008;283.004;286.241;287.636;280.940;2.01M;-0.18%
02/01/2008;283.507;277.871;284.288;276.755;3.10M;3.34%
01/31/2008;274.356;280.661;282.614;267.270;4.72M;-2.75%
01/30/2008;282.112;276.476;285.125;275.221;2.39M;1.34%
01/29/2008;278.373;284.567;285.404;273.965;3.00M;-1.17%
01/28/2008;281.665;271.175;282.335;271.175;2.15M;1.22%
01/25/2008;278.262;288.473;290.147;275.639;3.00M;-2.22%
01/24/2008;284.567;281.777;285.683;278.150;3.67M;5.28%
01/23/2008;270.283;288.194;288.473;260.574;4.79M;-4.40%
01/22/2008;282.725;257.087;284.706;252.902;6.02M;4.41%
01/21/2008;270.785;292.378;292.936;270.060;5.87M;-8.90%
01/18/2008;297.233;306.886;308.839;295.447;4.10M;-3.60%
01/17/2008;308.336;313.581;317.208;304.654;2.68M;-0.61%
01/16/2008;310.234;305.491;313.302;304.096;3.11M;0.62%
01/15/2008;308.336;316.650;317.487;308.002;2.50M;-3.07%
01/14/2008;318.101;316.929;320.277;315.255;1.77M;0.44%
01/11/2008;316.706;309.955;318.045;308.839;2.27M;2.16%
01/10/2008;310.010;306.886;312.466;306.886;2.52M;1.39%
01/09/2008;305.770;301.585;307.165;300.748;2.52M;0.75%
01/08/2008;303.482;306.328;306.886;299.074;2.75M;-0.09%
01/07/2008;303.761;304.654;307.444;301.864;1.85M;-0.40%
01/04/2008;304.989;310.513;313.302;302.980;2.29M;-2.34%
01/03/2008;312.298;310.513;313.302;307.444;1.88M;0.54%
01/02/2008;310.624;316.371;317.208;309.955;1.38M;-1.97%
12/28/2007;316.874;313.581;317.487;312.745;934.62K;0.60%
12/27/2007;314.976;318.045;318.045;313.302;1.12M;0.39%
12/21/2007;313.749;308.281;315.255;308.281;3.17M;2.53%
12/20/2007;305.993;309.676;310.513;304.933;2.21M;-0.85%
12/19/2007;308.616;310.792;313.023;308.002;2.84M;-1.36%
12/18/2007;312.856;310.792;317.487;310.792;2.85M;0.70%
12/17/2007;310.680;315.255;315.813;309.676;2.79M;-2.66%
12/14/2007;319.161;323.346;323.625;316.092;2.92M;-0.69%
12/13/2007;321.393;327.810;329.205;321.114;3.96M;-3.34%
12/12/2007;332.497;326.973;337.574;324.183;3.90M;0.22%
12/11/2007;331.771;337.016;338.132;330.042;2.29M;-1.36%
12/10/2007;336.347;329.484;337.016;329.205;2.78M;1.34%
12/07/2007;331.883;329.484;331.995;328.089;2.11M;1.48%
12/06/2007;327.029;325.578;330.879;324.462;3.11M;0.76%
12/05/2007;324.573;321.672;324.741;319.998;2.14M;1.52%
12/04/2007;319.719;324.183;324.183;316.929;2.96M;-1.53%
12/03/2007;324.685;322.509;328.647;322.230;2.92M;-0.05%
11/30/2007;324.853;319.161;326.973;316.650;3.56M;2.43%
11/29/2007;317.152;322.230;324.462;312.186;4.61M;-0.30%
11/28/2007;318.101;310.792;319.440;305.212;4.15M;2.87%
11/27/2007;309.229;305.212;312.186;302.422;4.42M;0.60%
11/26/2007;307.388;320.277;321.393;306.049;3.55M;-3.22%
11/23/2007;317.599;302.980;319.719;302.422;3.76M;4.52%
11/22/2007;303.873;304.375;306.607;301.027;1.98M;0.55%
11/21/2007;302.199;301.585;306.328;296.284;4.06M;-0.07%
11/20/2007;302.422;299.353;304.375;290.983;3.86M;1.78%
11/19/2007;297.121;309.397;309.676;295.447;3.42M;-3.38%
11/16/2007;307.500;312.186;312.466;304.654;2.86M;-1.87%
11/15/2007;313.358;311.908;314.139;307.723;3.80M;0.61%
11/14/2007;311.461;319.440;324.462;307.165;6.29M;-0.02%
11/13/2007;311.517;301.864;313.023;297.121;4.82M;2.67%
11/12/2007;303.426;283.730;303.817;283.451;6.07M;6.19%
11/09/2007;285.738;294.052;296.842;277.871;6.39M;-2.62%
11/08/2007;293.439;300.469;301.027;291.542;6.08M;-3.84%
11/07/2007;305.156;313.023;314.139;303.817;3.78M;-1.74%
11/06/2007;310.568;314.139;316.929;308.002;3.20M;-0.93%
11/05/2007;313.470;310.234;314.418;309.955;2.91M;-0.18%
11/02/2007;314.028;311.349;317.487;307.723;4.73M;0.07%
11/01/2007;313.805;330.321;333.111;307.723;5.33M;-4.68%
10/31/2007;329.205;323.904;330.600;322.788;3.05M;2.11%
10/30/2007;322.397;315.813;323.346;314.697;2.23M;1.89%
10/29/2007;316.427;315.534;319.998;314.418;2.52M;1.18%
10/26/2007;312.745;316.650;316.650;306.049;4.02M;-0.57%
10/25/2007;314.530;316.929;319.998;313.023;3.14M;-0.27%
10/24/2007;315.367;319.440;321.672;313.581;2.78M;-1.82%
10/23/2007;321.226;325.857;326.973;320.556;2.46M;-0.50%
10/22/2007;322.844;317.487;323.067;315.813;3.52M;0.09%
10/19/2007;322.565;322.230;326.973;319.998;2.92M;-0.34%
10/18/2007;323.681;328.368;329.484;322.788;3.04M;-1.38%
10/17/2007;328.200;331.995;336.179;327.531;3.17M;-0.98%
10/16/2007;331.437;330.879;331.995;326.694;3.12M;-0.79%
10/15/2007;334.059;344.270;344.270;333.111;3.43M;-3.17%
10/12/2007;344.995;342.038;345.107;339.248;2.27M;-0.18%
10/11/2007;345.609;350.129;351.245;344.549;2.46M;-1.42%
10/10/2007;350.575;354.871;355.151;349.013;1.75M;-1.15%
10/09/2007;354.648;350.966;356.267;349.013;2.33M;0.99%
10/08/2007;351.189;354.871;355.708;350.687;1.79M;-0.55%
10/05/2007;353.142;349.292;355.151;349.292;2.10M;0.84%
10/04/2007;350.185;348.176;352.082;348.176;2.51M;-0.22%
10/03/2007;350.966;350.687;352.640;348.176;3.04M;0.38%
10/02/2007;349.627;343.991;350.966;343.433;4.46M;2.52%
10/01/2007;341.034;331.158;342.038;328.647;3.52M;1.87%
09/28/2007;334.784;337.016;340.643;333.111;3.81M;-0.74%
09/27/2007;337.295;338.411;340.364;336.737;2.69M;0.83%
09/26/2007;334.505;330.879;335.342;330.321;1.95M;1.64%
09/25/2007;329.093;330.321;331.437;326.136;2.65M;-0.99%
09/24/2007;332.385;332.553;336.737;331.437;2.13M;-0.82%
09/21/2007;335.119;334.784;338.132;333.668;3.12M;-0.56%
09/20/2007;337.016;338.690;340.922;333.948;3.70M;-2.01%
09/19/2007;343.935;342.875;346.223;340.364;5.63M;4.05%
09/18/2007;330.544;317.487;331.716;317.208;3.34M;3.13%
09/17/2007;320.500;323.625;323.625;316.371;2.76M;-1.17%
09/14/2007;324.294;328.926;329.763;321.393;3.09M;-2.24%
09/13/2007;331.716;325.020;332.832;320.277;2.81M;1.94%
09/12/2007;325.410;321.393;326.694;319.719;2.43M;0.83%
09/11/2007;322.732;321.951;323.625;319.719;2.30M;1.26%
09/10/2007;318.715;321.951;323.904;316.650;3.47M;-0.80%
09/07/2007;321.281;332.553;332.553;318.045;5.56M;-4.22%
09/06/2007;335.454;341.480;343.433;332.274;4.00M;-1.12%
09/05/2007;339.248;350.408;350.687;338.969;3.23M;-3.69%
09/04/2007;352.249;349.850;352.640;347.618;1.65M;0.27%
09/03/2007;351.301;352.082;352.640;349.571;946.65K;0.27%
08/31/2007;350.352;351.524;354.314;348.734;2.79M;0.18%
08/30/2007;349.738;349.013;350.687;342.038;2.74M;1.23%
08/29/2007;345.498;338.969;349.013;336.179;4.60M;1.51%
08/28/2007;340.364;352.640;354.035;339.527;2.89M;-3.59%
08/27/2007;353.030;354.871;355.987;351.524;1.23M;-0.02%
08/24/2007;353.086;350.408;355.430;349.292;1.84M;0.36%
08/23/2007;351.803;355.430;356.546;351.245;2.15M;0.32%
08/22/2007;350.687;345.107;352.919;345.107;3.38M;2.10%
08/21/2007;343.489;345.107;346.502;341.201;3.63M;-0.47%
08/20/2007;345.107;346.502;350.408;343.712;3.68M;1.21%
08/17/2007;340.978;327.531;349.850;325.857;5.50M;3.93%
08/16/2007;328.089;327.531;337.574;327.252;4.81M;-3.45%
08/14/2007;339.806;340.922;348.176;338.132;2.63M;-1.57%
08/13/2007;345.219;340.922;348.734;339.806;3.11M;2.50%
08/10/2007;336.793;342.317;342.317;324.183;6.80M;-3.59%
08/09/2007;349.348;355.708;355.708;346.223;3.87M;-2.16%
08/08/2007;357.048;354.871;358.777;353.477;2.74M;1.57%
08/07/2007;351.524;345.665;351.524;345.386;2.88M;3.26%
08/06/2007;340.420;340.922;345.944;339.806;2.87M;-1.58%
08/03/2007;345.888;349.571;354.592;344.549;3.43M;-0.70%
08/02/2007;348.343;345.665;350.687;342.875;3.47M;1.99%
08/01/2007;341.536;341.201;346.223;338.969;4.09M;-2.42%
07/31/2007;350.017;342.317;350.687;342.317;4.11M;3.21%
07/30/2007;339.137;339.527;342.596;336.737;3.02M;-0.07%
07/27/2007;339.360;337.295;345.665;334.505;4.59M;-0.44%
07/26/2007;340.866;351.245;351.245;340.643;3.17M;-2.82%
07/25/2007;350.742;351.524;355.430;348.455;2.92M;-0.91%
07/24/2007;353.979;357.940;361.009;352.919;2.44M;-1.43%
07/23/2007;359.112;357.382;360.172;355.430;2.08M;0.66%
07/20/2007;356.769;364.915;365.194;356.546;2.23M;-2.02%
07/19/2007;364.134;364.078;365.752;361.567;1.59M;0.63%
07/18/2007;361.846;360.172;366.310;359.614;2.37M;-0.38%
07/17/2007;363.241;366.589;367.705;362.404;1.88M;-1.17%
07/16/2007;367.538;366.589;368.263;365.752;1.50M;0.32%
07/13/2007;366.366;369.379;369.379;365.473;1.52M;0.40%
07/12/2007;364.915;362.404;364.915;359.614;1.69M;1.11%
07/11/2007;360.898;362.683;363.520;357.382;2.92M;-1.33%
07/10/2007;365.752;372.448;374.122;364.915;1.99M;-1.99%
07/09/2007;373.173;374.680;376.353;372.727;1.19M;-0.03%
07/06/2007;373.285;368.821;375.238;368.821;1.44M;0.74%
07/05/2007;370.551;376.911;377.470;369.379;1.98M;-1.13%
07/04/2007;374.791;374.401;377.190;374.122;871.52K;0.22%
07/03/2007;373.954;369.937;375.796;369.658;1.68M;1.51%
07/02/2007;368.375;369.100;369.937;365.194;1.51M;-0.41%
06/29/2007;369.881;369.937;371.890;367.984;1.42M;0.14%
06/28/2007;369.379;372.727;373.006;368.542;1.52M;0.20%
06/27/2007;368.654;368.542;370.495;363.520;2.90M;-0.18%
06/26/2007;369.323;373.006;373.564;368.263;2.50M;-1.81%
06/25/2007;376.130;373.843;376.911;371.611;1.36M;-0.25%
06/22/2007;377.079;379.980;381.933;376.633;1.41M;-0.52%
06/21/2007;379.032;382.770;384.165;376.633;2.06M;-1.59%
06/20/2007;385.169;388.629;389.187;384.723;1.47M;-0.33%
06/19/2007;386.453;386.397;387.792;383.886;1.36M;0.22%
06/18/2007;385.616;390.582;390.582;384.444;1.74M;-0.50%
06/15/2007;387.569;384.723;388.350;383.049;3.93M;1.62%
06/14/2007;381.375;378.864;381.933;378.027;2.45M;1.59%
06/13/2007;375.405;373.285;376.911;366.589;2.53M;1.77%
06/12/2007;368.877;376.353;376.911;367.426;3.81M;-2.10%
06/11/2007;376.800;380.817;380.817;376.074;1.65M;-0.07%
06/08/2007;377.079;376.074;379.422;372.727;2.77M;-0.09%
06/07/2007;377.414;385.839;385.839;376.353;2.73M;-1.63%
06/06/2007;383.663;388.629;391.419;383.049;1.88M;-1.66%
06/05/2007;390.135;383.328;390.582;382.491;3.42M;2.27%
06/04/2007;381.487;385.560;385.560;378.585;3.69M;-0.90%
06/01/2007;384.946;390.861;391.140;384.165;2.89M;-1.12%
05/31/2007;389.298;392.814;394.488;388.629;2.70M;-0.48%
05/30/2007;391.196;386.676;392.256;383.049;5.10M;0.72%
05/29/2007;388.406;394.767;394.767;387.792;4.95M;-1.11%
05/28/2007;392.758;391.698;394.488;391.140;1.72M;0.54%
05/25/2007;390.638;385.281;392.256;383.607;7.14M;1.07%
05/24/2007;386.509;392.535;393.372;384.723;5.47M;-1.70%
05/23/2007;393.204;392.814;397.278;391.419;3.01M;0.06%
05/22/2007;392.981;398.393;399.788;392.256;4.57M;-0.51%
05/21/2007;394.990;411.785;412.343;388.350;5.97M;-5.74%
05/18/2007;419.039;419.039;419.318;418.481;335.67K;0.28%
05/17/2007;417.867;421.270;421.549;416.807;5.96M;-0.40%
05/16/2007;419.541;423.502;424.618;417.086;6.74M;-0.82%
05/15/2007;423.000;415.133;424.060;414.017;8.69M;1.53%
05/14/2007;416.639;431.035;431.035;414.575;5.79M;-0.05%
05/11/2007;416.862;415.412;418.481;410.111;4.78M;-0.80%
05/10/2007;420.210;430.756;433.267;418.481;3.33M;-1.40%
05/09/2007;426.181;423.502;432.430;423.502;2.05M;1.03%
05/08/2007;421.828;422.944;424.339;417.923;5.37M;-0.25%
05/07/2007;422.889;424.060;425.455;421.828;991.61K;0.11%
05/04/2007;422.442;423.502;427.129;420.991;2.69M;-0.21%
05/03/2007;423.335;425.734;426.013;421.270;2.60M;-0.09%
05/02/2007;423.725;426.292;427.408;422.386;1.91M;0.18%
04/30/2007;422.944;420.155;425.734;419.318;890.71K;0.05%
04/27/2007;422.721;428.524;429.361;421.270;3.02M;-1.33%
04/26/2007;428.413;423.502;429.361;422.944;1.93M;1.82%
04/25/2007;420.768;419.596;422.386;417.365;2.44M;1.19%
04/24/2007;415.802;415.691;418.760;412.343;1.51M;-0.19%
04/23/2007;416.583;417.086;422.665;414.854;2.14M;-0.01%
04/20/2007;416.639;407.600;432.430;406.484;5.95M;3.16%
04/19/2007;403.862;405.368;406.484;402.578;1.61M;-1.36%
04/18/2007;409.441;411.227;412.064;406.205;1.57M;-0.94%
04/17/2007;413.347;410.669;414.017;408.437;1.49M;0.72%
04/16/2007;410.390;405.647;412.622;405.368;1.43M;1.35%
04/13/2007;404.922;403.136;405.089;400.904;847.93K;0.57%
04/12/2007;402.634;402.299;403.973;398.393;1.03M;0.29%
04/11/2007;401.462;401.183;405.926;400.346;1.14M;-0.21%
04/10/2007;402.299;398.115;403.136;396.999;1.01M;1.15%
04/05/2007;397.724;397.836;398.393;395.883;762.07K;0.11%
04/04/2007;397.278;400.346;401.183;396.441;1.31M;-1.26%
04/03/2007;402.355;397.836;403.415;396.441;1.12M;1.49%
04/02/2007;396.441;395.604;396.999;392.814;838.24K;-0.28%
03/30/2007;397.556;396.441;400.346;393.372;1.27M;0.24%
03/29/2007;396.608;392.256;396.720;391.419;1.30M;1.80%
03/28/2007;389.578;390.303;391.977;387.792;1.85M;-1.10%
03/27/2007;393.930;392.535;395.046;390.861;1.38M;1.04%
03/26/2007;389.857;396.162;396.441;387.513;2.19M;-1.79%
03/23/2007;396.943;397.278;398.393;393.930;1.84M;-0.34%
03/22/2007;398.282;389.745;399.509;386.397;3.38M;4.88%
03/21/2007;379.757;379.143;381.933;376.911;1.36M;-0.10%
03/20/2007;380.148;380.259;380.817;375.517;1.72M;-0.09%
03/19/2007;380.483;378.864;381.654;377.749;1.77M;2.13%
03/16/2007;372.559;369.937;374.401;365.752;2.50M;0.94%
03/15/2007;369.100;368.263;370.216;365.473;1.84M;1.77%
03/14/2007;362.683;367.426;368.821;362.125;2.21M;-3.06%
03/13/2007;374.122;381.933;383.049;373.285;1.35M;-1.95%
03/12/2007;381.543;385.002;387.234;379.980;1.15M;-0.31%
03/09/2007;382.714;382.770;385.560;379.980;1.16M;-0.19%
03/08/2007;383.440;378.306;385.002;378.306;1.52M;1.66%
03/07/2007;377.190;381.933;381.933;376.633;1.44M;-0.84%
03/06/2007;380.371;379.422;381.096;376.633;1.22M;1.25%
03/05/2007;375.684;374.959;377.190;373.564;2.56M;-1.87%
03/02/2007;382.826;385.839;387.792;381.096;2.16M;-0.61%
03/01/2007;385.169;391.419;392.535;378.864;2.79M;-1.46%
02/28/2007;390.861;390.582;393.372;388.071;2.29M;-1.31%
02/27/2007;396.050;406.205;406.205;394.209;2.41M;-1.91%
02/26/2007;403.750;401.183;403.973;400.067;698.85K;0.98%
02/23/2007;399.844;403.415;403.415;398.393;1.03M;-0.73%
02/22/2007;402.802;403.694;406.205;402.020;926.53K;0.18%
02/21/2007;402.076;404.810;407.321;399.230;1.23M;-0.47%
02/20/2007;403.973;404.531;404.531;398.952;1.25M;0.40%
02/19/2007;402.355;405.089;405.926;401.183;973.14K;-0.46%
02/16/2007;404.196;404.531;405.368;402.578;855.47K;-0.18%
02/15/2007;404.922;408.158;408.158;403.136;810.51K;-0.37%
02/14/2007;406.428;404.810;407.042;403.415;791.25K;0.82%
02/13/2007;403.136;402.020;403.694;400.625;991.04K;0.63%
02/12/2007;400.625;403.415;404.252;399.788;964.97K;-1.24%
02/09/2007;405.647;404.531;408.158;403.136;1.12M;0.28%
02/08/2007;404.531;412.343;412.343;403.415;1.70M;-1.65%
02/07/2007;411.339;409.832;412.343;409.274;919.91K;0.48%
02/06/2007;409.386;412.343;415.691;408.995;1.77M;-0.47%
02/05/2007;411.339;403.973;412.064;403.136;1.99M;1.56%
02/02/2007;405.033;401.462;406.205;400.346;1.45M;1.33%
02/01/2007;399.733;400.346;402.857;399.509;1.36M;0.90%
01/31/2007;396.162;400.067;402.299;396.162;1.46M;-1.22%
01/30/2007;401.072;399.788;403.136;398.115;1.20M;0.07%
01/29/2007;400.793;398.393;403.415;397.278;1.26M;0.43%
01/26/2007;399.063;402.020;402.020;397.556;1.53M;-1.22%
01/25/2007;403.973;402.299;405.089;400.346;1.39M;0.49%
01/24/2007;402.020;396.720;402.578;396.441;2.03M;1.55%
01/23/2007;395.883;392.814;395.883;391.140;1.24M;1.11%
01/22/2007;391.530;395.046;395.604;390.861;1.37M;-0.83%
01/19/2007;394.823;390.024;396.720;388.629;1.61M;1.39%
01/18/2007;389.410;389.187;391.977;388.908;1.28M;0.29%
01/17/2007;388.294;391.698;392.535;387.234;1.28M;-0.87%
01/16/2007;391.698;390.861;392.814;389.745;1.22M;0.11%
01/15/2007;391.251;389.187;392.814;388.908;1.08M;0.89%
01/12/2007;387.792;384.723;388.350;383.607;1.29M;0.78%
01/11/2007;384.779;382.491;385.281;378.864;1.38M;0.75%
01/10/2007;381.933;379.422;382.770;378.027;1.40M;-0.15%
01/09/2007;382.491;381.096;383.607;380.817;990.89K;0.66%
01/08/2007;379.980;381.375;382.770;378.027;946.07K;-0.10%
01/05/2007;380.371;383.328;385.002;379.980;1.10M;-0.80%
01/04/2007;383.440;383.328;384.165;381.933;1.20M;-0.26%
01/03/2007;384.444;379.980;384.723;379.143;1.61M;1.22%
01/02/2007;379.813;374.401;380.538;374.122;1.45M;2.52%
12/29/2006;370.495;372.727;373.006;370.495;487.62K;-0.60%
12/28/2006;372.727;373.285;373.285;371.611;351.36K;0.00%
12/27/2006;372.727;373.006;373.285;370.774;423.51K;0.65%
12/22/2006;370.327;371.332;372.169;370.216;625.26K;-0.36%
12/21/2006;371.667;371.053;371.890;369.937;741.62K;0.06%
12/20/2006;371.443;371.890;372.448;370.495;765.09K;0.08%
12/19/2006;371.164;370.495;371.611;369.379;926.56K;-0.27%
12/18/2006;372.169;371.890;373.285;371.053;670.06K;-0.16%
12/15/2006;372.783;373.843;373.843;371.611;1.40M;0.19%
12/14/2006;372.057;372.727;373.006;369.379;1.05M;0.18%
12/13/2006;371.388;367.705;372.727;367.705;1.09M;0.65%
12/12/2006;368.988;369.658;369.658;367.426;742.29K;-0.02%
12/11/2006;369.044;368.263;369.100;366.868;638.50K;0.69%
12/08/2006;366.533;366.589;367.426;363.241;669.91K;-0.21%
12/07/2006;367.314;366.589;369.379;366.310;1.15M;0.60%
12/06/2006;365.138;366.589;367.984;363.520;798.36K;-0.30%
12/05/2006;366.254;364.078;366.310;362.962;933.67K;0.83%
12/04/2006;363.241;363.520;363.520;361.567;1.03M;0.45%
12/01/2006;361.623;364.078;365.194;359.893;1.57M;-0.57%
11/30/2006;363.688;366.589;366.589;362.962;973.35K;-0.46%
11/29/2006;365.361;365.752;366.589;363.520;1.12M;0.20%
11/28/2006;364.636;365.473;367.426;363.241;1.36M;0.00%
11/27/2006;364.636;369.100;370.495;364.357;1.20M;-1.46%
11/24/2006;370.048;372.448;372.727;367.984;1.11M;-0.78%
11/23/2006;372.950;373.006;375.517;372.727;850.58K;0.03%
11/22/2006;372.838;373.564;374.680;371.890;672.86K;-0.01%
11/21/2006;372.894;371.611;374.401;371.611;1.02M;0.24%
11/20/2006;372.001;370.495;372.448;368.821;922.24K;0.35%
11/17/2006;370.718;373.006;373.006;368.821;911.85K;-0.14%
11/16/2006;371.220;372.169;373.564;370.216;1.01M;-0.25%
11/15/2006;372.169;368.821;372.727;368.542;1.34M;1.32%
11/14/2006;367.314;367.426;370.495;365.194;1.63M;-0.06%
11/13/2006;367.538;365.752;369.100;365.473;908.77K;0.18%
11/10/2006;366.868;365.473;367.147;364.915;871.06K;-0.06%
11/09/2006;367.091;367.426;367.984;365.752;829.70K;-0.17%
11/08/2006;367.705;366.589;367.984;364.915;973.79K;0.03%
11/07/2006;367.593;366.031;368.542;364.357;1.01M;0.50%
11/06/2006;365.752;363.241;366.031;362.125;1.06M;0.51%
11/03/2006;363.911;362.683;365.473;362.125;883.00K;0.34%
11/02/2006;362.683;362.404;364.078;362.404;1.23M;-0.60%
11/01/2006;364.859;362.404;365.194;361.567;898.41K;0.66%
10/31/2006;362.460;362.125;363.799;361.009;1.40M;-0.32%
10/30/2006;363.632;361.009;363.799;359.614;842.73K;-0.15%
10/27/2006;364.190;363.520;364.915;361.567;970.65K;0.26%
10/26/2006;363.241;364.078;364.915;362.404;810.87K;0.02%
10/25/2006;363.185;367.147;368.821;362.125;1.34M;-1.27%
10/24/2006;367.872;369.379;370.216;367.147;768.33K;-0.45%
10/23/2006;369.546;367.147;369.937;366.031;667.73K;0.79%
10/20/2006;366.645;369.379;369.379;365.752;1.12M;-0.02%
10/19/2006;366.701;368.263;368.821;366.310;986.81K;-0.80%
10/18/2006;369.658;368.821;369.937;366.868;1.28M;0.67%
10/17/2006;367.203;373.843;374.122;366.868;1.42M;-2.18%
10/16/2006;375.405;374.680;376.074;373.843;768.66K;0.36%
10/13/2006;374.066;374.680;374.959;372.448;713.43K;-0.09%
10/12/2006;374.401;372.727;374.401;371.890;625.32K;0.30%
10/11/2006;373.285;373.843;374.122;371.053;870.85K;-0.31%
10/10/2006;374.456;373.843;374.959;371.890;1.21M;0.42%
10/09/2006;372.894;371.890;373.285;369.937;590.29K;0.03%
10/06/2006;372.783;373.006;375.517;370.495;1.17M;0.01%
10/05/2006;372.727;372.727;373.285;371.332;1.06M;0.88%
10/04/2006;369.491;367.147;369.937;366.589;1.14M;0.99%
10/03/2006;365.864;365.752;366.031;361.567;968.31K;0.23%
10/02/2006;365.027;365.473;367.147;362.962;871.84K;-0.05%
09/29/2006;365.194;364.357;367.705;364.357;764.72K;0.00%
09/28/2006;365.194;364.915;366.589;364.078;653.25K;-0.20%
09/27/2006;365.919;367.984;368.263;364.078;983.15K;-0.09%
09/26/2006;366.254;363.799;367.147;362.962;1.53M;1.03%
09/25/2006;362.516;361.009;363.799;360.172;1.43M;0.90%
09/22/2006;359.280;358.777;361.567;357.661;957.53K;-0.53%
09/21/2006;361.177;358.777;362.125;356.824;1.16M;0.61%
09/20/2006;359.000;353.477;359.614;353.198;984.94K;1.63%
09/19/2006;353.253;358.777;359.056;350.966;1.37M;-1.43%
09/18/2006;358.387;357.103;358.498;354.871;914.60K;0.44%
09/15/2006;356.824;354.592;357.940;354.035;2.33M;0.66%
09/14/2006;354.481;352.919;355.151;352.640;1.18M;0.70%
09/13/2006;352.026;350.966;352.082;349.292;943.57K;0.86%
09/12/2006;349.013;347.897;349.013;345.107;713.85K;0.47%
09/11/2006;347.395;344.270;347.618;343.712;849.64K;0.42%
09/08/2006;345.944;343.433;345.944;343.154;615.36K;0.98%
09/07/2006;342.596;345.665;345.944;342.596;663.68K;-1.21%
09/06/2006;346.781;349.571;350.408;345.107;813.91K;-0.78%
09/05/2006;349.515;349.013;349.571;346.502;638.23K;-0.05%
09/04/2006;349.682;349.571;349.850;348.176;525.86K;0.24%
09/01/2006;348.845;348.455;349.571;347.339;980.96K;0.43%
08/31/2006;347.339;347.897;348.176;345.665;817.39K;0.00%
08/30/2006;347.339;347.060;349.013;345.107;1.09M;0.61%
08/29/2006;345.219;345.665;347.339;343.712;1.10M;0.44%
08/28/2006;343.712;340.643;344.549;340.085;675.75K;1.10%
08/25/2006;339.974;345.386;346.502;338.132;1.99M;-1.84%
08/24/2006;346.335;348.734;351.524;345.107;1.88M;-0.42%
08/23/2006;347.785;351.803;353.477;347.060;915.65K;-1.14%
08/22/2006;351.803;352.361;352.640;348.734;878.67K;0.48%
08/21/2006;350.129;351.524;353.477;349.013;525.81K;-0.59%
08/18/2006;352.193;355.708;355.708;351.524;888.77K;-0.77%
08/17/2006;354.927;352.919;355.987;350.129;1.18M;1.10%
08/16/2006;351.077;347.339;352.640;347.339;1.45M;1.81%
08/14/2006;344.828;343.712;344.828;342.875;472.77K;0.95%
08/11/2006;341.592;340.364;344.549;339.806;1.29M;0.48%
08/10/2006;339.974;337.295;340.364;333.948;1.29M;0.21%
08/09/2006;339.248;340.364;340.922;337.574;1.40M;-0.20%
08/08/2006;339.918;338.411;340.643;338.132;1.15M;0.99%
08/07/2006;336.570;338.690;339.806;336.458;937.16K;-1.13%
08/04/2006;340.420;334.784;342.875;334.784;1.99M;1.72%
08/03/2006;334.673;337.016;337.016;332.832;905.20K;-0.37%
08/02/2006;335.900;332.553;335.900;332.553;859.75K;1.36%
08/01/2006;331.381;335.342;337.016;330.600;872.06K;-1.43%
07/31/2006;336.179;335.900;337.295;335.063;773.75K;0.03%
07/28/2006;336.068;332.832;336.458;331.158;1.07M;0.69%
07/27/2006;333.780;332.553;334.505;331.716;754.83K;0.91%
07/26/2006;330.767;329.763;332.553;329.205;727.81K;0.75%
07/25/2006;328.312;330.042;331.158;327.531;1.04M;-0.29%
07/24/2006;329.260;324.741;330.042;324.462;1.19M;1.71%
07/21/2006;323.737;324.462;327.531;321.114;1.31M;-0.74%
07/20/2006;326.136;331.158;332.274;324.183;1.60M;-1.02%
07/19/2006;329.484;323.346;329.484;321.114;1.20M;2.64%
07/18/2006;321.003;321.951;324.183;318.603;1.49M;0.65%
07/17/2006;318.938;322.788;323.904;317.487;1.26M;-1.00%
07/14/2006;322.174;321.114;326.415;320.835;1.27M;-0.72%
07/13/2006;324.518;330.042;330.879;323.346;1.63M;-2.35%
07/12/2006;332.329;331.995;334.784;331.995;816.04K;0.54%
07/11/2006;330.544;333.948;335.342;329.484;842.00K;-1.35%
07/10/2006;335.063;336.737;337.016;333.111;769.78K;-0.10%
07/07/2006;335.398;334.784;337.574;333.111;992.43K;-0.32%
07/06/2006;336.458;333.948;337.295;333.668;1.34M;1.19%
07/05/2006;332.497;338.969;339.527;331.995;2.08M;-3.14%
07/04/2006;343.266;342.875;343.433;340.085;587.79K;0.44%
07/03/2006;341.759;341.759;343.154;339.806;907.64K;0.03%
06/30/2006;341.647;342.875;343.712;338.969;1.41M;1.16%
06/29/2006;337.742;330.321;337.853;330.321;1.41M;2.58%
06/28/2006;329.260;326.973;331.437;324.741;1.75M;0.39%
06/27/2006;327.977;335.342;335.900;327.531;1.80M;-2.00%
06/26/2006;334.673;338.411;339.527;333.111;1.91M;-1.35%
06/23/2006;339.248;338.411;341.480;336.179;1.06M;0.43%
06/22/2006;337.797;336.737;339.527;335.621;1.71M;1.41%
06/21/2006;333.111;332.274;333.948;328.926;1.90M;0.59%
06/20/2006;331.158;320.835;332.553;320.835;2.28M;2.50%
06/19/2006;323.067;319.161;325.857;319.161;1.15M;1.69%
06/16/2006;317.711;325.857;326.973;316.929;2.43M;-1.15%
06/15/2006;321.393;315.813;321.393;314.418;1.44M;2.99%
06/14/2006;312.075;315.255;316.092;310.234;1.49M;-0.43%
06/13/2006;313.414;316.650;318.045;311.908;2.79M;-2.40%
06/12/2006;321.114;325.578;329.205;320.835;1.29M;-1.79%
06/09/2006;326.973;327.252;327.252;323.346;1.20M;1.91%
06/08/2006;320.835;322.509;325.857;318.882;2.36M;-1.94%
06/07/2006;327.196;323.904;328.926;322.788;2.24M;1.81%
06/06/2006;321.393;324.462;326.415;320.556;2.64M;-2.29%
06/05/2006;328.926;332.274;332.274;328.089;1.16M;-1.26%
06/02/2006;333.111;337.016;338.411;330.879;1.10M;0.05%
06/01/2006;332.943;331.437;333.668;327.252;1.51M;0.37%
05/31/2006;331.716;321.951;332.553;321.672;2.71M;1.62%
05/30/2006;326.415;334.784;336.737;325.299;4.15M;-2.73%
05/29/2006;335.566;337.295;337.295;334.784;1.77M;0.40%
05/26/2006;334.227;336.458;336.458;330.042;4.34M;0.18%
05/25/2006;333.613;330.321;335.063;326.973;4.17M;1.41%
05/24/2006;328.982;326.973;331.158;323.067;3.93M;0.03%
05/23/2006;328.870;328.089;332.274;319.440;3.13M;0.87%
05/22/2006;326.024;335.063;335.621;324.183;2.36M;-5.99%
05/19/2006;346.781;334.784;348.734;334.784;3.12M;3.19%
05/18/2006;336.068;337.016;342.596;333.668;4.58M;0.18%
05/17/2006;335.454;349.292;350.966;334.784;4.40M;-3.31%
05/16/2006;346.948;340.922;348.734;339.248;5.40M;1.75%
05/15/2006;340.978;349.850;352.361;339.806;7.16M;-3.32%
05/12/2006;352.695;352.640;362.404;350.408;8.28M;-0.64%
05/11/2006;354.983;353.477;358.498;350.687;4.80M;0.44%
05/10/2006;353.421;349.850;357.661;349.013;5.41M;0.75%
05/09/2006;350.798;345.665;351.524;345.386;1.30M;1.08%
05/08/2006;347.060;339.248;347.897;339.248;3.30M;1.88%
05/05/2006;340.643;340.643;341.201;337.574;1.61M;0.44%
05/04/2006;339.137;337.574;339.248;335.621;1.30M;-0.07%
05/03/2006;339.360;338.132;342.317;336.458;1.50M;0.36%
05/02/2006;338.132;331.995;338.690;331.158;1.29M;1.46%
04/28/2006;333.278;336.458;336.458;331.437;885.15K;-0.67%
04/27/2006;335.510;336.179;336.737;330.042;1.76M;-0.08%
04/26/2006;335.789;332.274;336.458;331.995;894.79K;1.38%
04/25/2006;331.213;328.089;332.274;327.531;689.49K;1.54%
04/24/2006;326.192;327.810;328.926;324.741;627.20K;-1.27%
04/21/2006;330.376;331.158;334.505;328.926;999.98K;-0.27%
04/20/2006;331.269;326.973;331.995;326.973;825.07K;0.97%
04/19/2006;328.089;328.368;329.763;325.299;1.19M;1.07%
04/18/2006;324.629;327.252;327.252;323.067;1.02M;-1.39%
04/13/2006;329.205;329.205;330.600;326.694;759.90K;0.02%
04/12/2006;329.149;325.020;330.600;322.509;1.81M;1.13%
04/11/2006;325.466;333.948;335.900;324.741;1.67M;-3.70%
04/10/2006;337.965;332.832;338.969;330.042;985.18K;1.15%
04/07/2006;334.115;340.643;341.480;333.389;1.37M;-2.46%
04/06/2006;342.540;342.596;345.107;339.248;1.05M;0.24%
04/05/2006;341.703;335.900;342.038;335.621;1.66M;2.05%
04/04/2006;334.840;336.458;337.574;334.227;932.42K;-1.02%
04/03/2006;338.300;333.668;338.690;333.668;1.18M;1.52%
03/31/2006;333.222;333.389;335.342;330.321;1.17M;-0.62%
03/30/2006;335.287;331.716;337.016;329.763;1.45M;1.66%
03/29/2006;329.819;326.415;330.879;322.788;1.86M;1.35%
03/28/2006;325.410;326.415;330.042;324.183;1.84M;-0.56%
03/27/2006;327.252;332.832;332.832;326.694;1.23M;-1.51%
03/24/2006;332.274;335.900;336.458;331.158;1.25M;-0.67%
03/23/2006;334.505;340.643;340.922;332.553;1.77M;-1.20%
03/22/2006;338.579;341.480;343.433;336.458;1.83M;-1.69%
03/21/2006;344.382;343.712;345.107;337.574;1.36M;0.57%
03/20/2006;342.429;345.386;345.665;341.480;1.11M;0.77%
03/17/2006;339.806;344.828;345.944;338.690;2.03M;-1.14%
03/16/2006;343.712;343.154;345.107;339.248;919.46K;0.13%
03/15/2006;343.266;342.038;343.991;339.527;896.92K;1.10%
03/14/2006;339.527;340.922;342.038;336.737;993.48K;-0.38%
03/13/2006;340.811;338.690;341.759;337.016;1.01M;1.21%
03/10/2006;336.737;332.274;337.016;329.763;925.29K;0.80%
03/09/2006;334.059;335.342;339.248;331.716;1.24M;0.62%
03/08/2006;331.995;329.484;333.111;323.904;1.24M;0.86%
03/07/2006;329.149;333.668;334.227;327.252;1.49M;-2.14%
03/06/2006;336.347;338.132;338.411;334.505;749.26K;0.10%
03/03/2006;336.012;338.411;340.364;332.553;919.02K;-0.33%
03/02/2006;337.128;342.596;343.712;335.342;992.95K;-1.55%
03/01/2006;342.429;337.574;343.154;337.574;1.12M;0.52%
02/28/2006;340.643;347.897;348.176;340.643;1.02M;-2.37%
02/27/2006;348.901;350.408;351.803;345.386;687.63K;-0.35%
02/24/2006;350.129;349.571;350.966;347.060;590.97K;0.10%
02/23/2006;349.794;350.966;352.361;346.781;1.29M;0.18%
02/22/2006;349.180;340.643;349.292;340.085;1.22M;2.24%
02/21/2006;341.536;340.364;343.712;338.969;1.44M;0.86%
02/20/2006;338.634;335.621;339.248;333.389;869.37K;0.68%
02/17/2006;336.347;337.574;341.759;332.274;1.77M;0.52%
02/16/2006;334.617;326.973;335.621;326.415;1.84M;2.51%
02/15/2006;326.415;324.183;326.973;323.346;916.38K;1.26%
02/14/2006;322.342;325.578;326.136;320.277;923.78K;-0.86%
02/13/2006;325.132;322.509;325.857;320.835;890.40K;0.55%
02/10/2006;323.346;327.810;328.926;322.788;775.86K;-1.53%
02/09/2006;328.368;325.020;328.926;323.625;1.24M;2.21%
02/08/2006;321.281;320.277;323.346;315.813;1.48M;-0.47%
02/07/2006;322.788;329.205;329.484;319.998;1.66M;-1.55%
02/06/2006;327.866;326.973;331.158;326.415;1.05M;0.82%
02/03/2006;325.187;328.089;329.763;322.230;1.44M;-0.73%
02/02/2006;327.587;335.063;337.295;327.252;1.31M;-2.33%
02/01/2006;335.398;328.647;336.179;325.857;1.42M;2.31%
01/31/2006;327.810;326.136;328.926;323.346;806.22K;0.31%
01/30/2006;326.805;327.252;328.926;325.857;649.59K;-0.59%
01/27/2006;328.758;328.926;330.321;324.462;1.32M;0.98%
01/26/2006;325.578;318.045;325.857;317.208;1.60M;3.49%
01/25/2006;314.586;310.234;316.650;308.281;1.43M;1.59%
01/24/2006;309.676;312.466;313.581;308.839;879.57K;-0.95%
01/23/2006;312.633;309.676;313.302;308.002;1.26M;0.20%
01/20/2006;312.019;317.766;320.277;311.629;1.38M;-1.57%
01/19/2006;316.985;320.556;321.951;316.371;1.11M;-0.21%
01/18/2006;317.655;319.161;319.719;314.697;1.88M;-2.25%
01/17/2006;324.964;323.904;326.136;322.509;836.45K;-0.61%
01/16/2006;326.973;323.625;329.484;321.672;1.06M;0.95%
01/13/2006;323.904;329.205;330.879;323.346;1.14M;-1.61%
01/12/2006;329.205;333.948;334.227;328.647;1.36M;-1.50%
01/11/2006;334.227;325.578;335.342;325.020;2.32M;3.38%
01/10/2006;323.290;321.114;325.857;321.114;1.32M;0.80%
01/09/2006;320.724;321.393;322.509;318.045;1.10M;0.16%
01/06/2006;320.221;318.882;320.835;315.813;1.05M;0.40%
01/05/2006;318.938;325.299;325.578;318.324;1.71M;-2.01%
01/04/2006;325.466;327.810;328.926;324.462;1.35M;0.10%
01/03/2006;325.132;327.810;330.879;324.462;1.45M;-0.73%
01/02/2006;327.531;325.857;329.205;323.904;805.39K;0.91%
